mean,max,obs,geno,enzyme_name,measure_type,cond
0.05148316458497432,0.42160392686983106,0,0000000,NfsA,ec50,2039
0.10147665672374404,0.6361026593341401,-0.05403929642243141,0000001,NfsA,ec50,2039
-0.1376055102670089,0.1974894037569117,0.42160392686983106,0000010,NfsA,ec50,2039
-0.046025399841195205,0.22096152871146293,-0.00877392430750515,0000100,NfsA,ec50,2039
0.01650221017704896,0.3454491354523941,-0.010995384301463193,0001000,NfsA,ec50,2039
0.04584099370289186,0.47021563180771775,-0.012333735073725434,0010000,NfsA,ec50,2039
-0.12630322969060104,0.10753124739888895,-0.03198428600635821,0100000,NfsA,ec50,2039
0.03420713424049687,0.5621884792902702,0.05690485133647256,1000000,NfsA,ec50,2039
-0.09715584369727162,0.1630114286703488,0.5820633629117087,0000011,NfsA,ec50,2039
0.08999394061623577,0.5233490154745322,-0.03479829897408793,0000101,NfsA,ec50,2039
-0.019436972394419376,0.35010526005251696,0.21218760440395779,0000110,NfsA,ec50,2039
0.14585303954784887,0.6797111319223569,-0.06905096883247698,0001001,NfsA,ec50,2039
-0.0899902621864419,0.276206411938949,0.3344537511509309,0001010,NfsA,ec50,2039
0.01196572236574828,0.24401933497580888,-0.08565684288055925,0001100,NfsA,ec50,2039
0.13863613204925265,0.6359518922371095,-0.09312646527792956,0010001,NfsA,ec50,2039
-0.07434439193710536,0.2785146055426501,0.4578818967339923,0010010,NfsA,ec50,2039
0.0757616350171362,0.3235373366618325,-0.026872146400301365,0010100,NfsA,ec50,2039
0.08537404246800583,0.47630260323898244,-0.05305672930217456,0011000,NfsA,ec50,2039
-0.0067194559395327945,0.09740834293296047,-0.059981844992336796,0100001,NfsA,ec50,2039
0.3601985543613114,0.9149892102916513,-0.5016894462103995,0100010,NfsA,ec50,2039
0.0093179452374138,0.17024123028932386,-0.24184537803261005,0100100,NfsA,ec50,2039
-0.1422326457054537,0.15282150339927075,-0.07727454200674003,0101000,NfsA,ec50,2039
0.008951760360640732,0.06303537488247343,-0.1444808443321999,0110000,NfsA,ec50,2039
0.12811556389165016,0.7855564146090592,-0.040481623027001735,1000001,NfsA,ec50,2039
-0.014747333297039611,0.1259814609553147,0.6190933306267428,1000010,NfsA,ec50,2039
0.18876112123298183,0.7141037474650761,-0.15181088300860132,1000100,NfsA,ec50,2039
0.10791849222576386,0.5810397771275548,-0.0163737128754655,1001000,NfsA,ec50,2039
0.06958793010647685,0.6756986619230307,0.06069784035361165,1010000,NfsA,ec50,2039
-0.014738280890427783,0.33775280268872104,0.07554696139253074,1100000,NfsA,ec50,2039
-0.14906858422227734,0.14390657568427995,0.4885507165004443,0000111,NfsA,ec50,2039
-0.1897032769260001,0.1019895385373315,0.6106601630898799,0001011,NfsA,ec50,2039
0.08216910731886085,0.4406919890929875,-0.0061230850587887945,0001101,NfsA,ec50,2039
-0.02367410640789097,0.37183720610783255,0.15836249209524964,0001110,NfsA,ec50,2039
0.0872654424471475,0.3059792740926238,0.5428254269591799,0010011,NfsA,ec50,2039
0.09121610352611734,0.4903227113246147,0.03342375548694973,0010101,NfsA,ec50,2039
-0.045576922821719705,0.3507177798530888,0.2966651902615311,0010110,NfsA,ec50,2039
0.20162551109627652,0.7837042767240296,-0.09528445472131904,0011001,NfsA,ec50,2039
-0.04899969084360075,0.2678356181861606,0.42324587393680785,0011010,NfsA,ec50,2039
0.03254616824772817,0.23120707312490632,0.004321373782642578,0011100,NfsA,ec50,2039
0.1719275106994379,0.7252520657868126,0.037426497940623665,0100011,NfsA,ec50,2039
-0.028237707988080576,0.050923765801637606,-0.07365755337434496,0100101,NfsA,ec50,2039
0.31699482644301624,0.9383174503617442,-0.5421181032660077,0100110,NfsA,ec50,2039
-0.015663871689533804,0.09476534454146725,-0.09044397075882467,0101001,NfsA,ec50,2039
0.3954543805380087,0.9093654945616856,-0.5346171485515817,0101010,NfsA,ec50,2039
0.10170987362986339,0.29035406300024125,-0.34390179798716813,0101100,NfsA,ec50,2039
0.17291238086801453,0.6365708424561263,-0.17717835469689538,0110001,NfsA,ec50,2039
0.26724098878965,0.885584901785077,-0.08144546944972647,0110010,NfsA,ec50,2039
-0.029360705361360498,0.13567693538781686,-0.13135556160517428,0110100,NfsA,ec50,2039
0.0761264185456246,0.18001111905771752,-0.2041199826559248,0111000,NfsA,ec50,2039
-0.005927226934263563,0.10372990946974625,0.7450747915820575,1000011,NfsA,ec50,2039
0.30923765139862724,0.7986729175282453,-0.16621562534352105,1000101,NfsA,ec50,2039
-0.01073303755693407,0.08509010565814512,0.5622928644564748,1000110,NfsA,ec50,2039
0.17639976044483224,0.7474480006012993,-0.03479829897408793,1001001,NfsA,ec50,2039
0.012503745238752167,0.1479836373751221,0.5646660642520893,1001010,NfsA,ec50,2039
0.3005692471273689,0.7113142836090723,-0.18111458540599013,1001100,NfsA,ec50,2039
0.22282130824806387,0.9250427402231035,-0.07623803917129975,1010001,NfsA,ec50,2039
0.011455646629543181,0.11240819877516128,0.7363965022766424,1010010,NfsA,ec50,2039
0.14592581067393337,0.6059902849563948,0.04139268515822508,1010100,NfsA,ec50,2039
0.12947935421826223,0.6576577366360187,0.03342375548694973,1011000,NfsA,ec50,2039
0.163642323509279,0.7923316874973428,-0.029653123769906618,1100001,NfsA,ec50,2039
0.17114165821090493,0.39083966825409866,0.4132997640812518,1100010,NfsA,ec50,2039
0.15266394732297237,0.4678034948390226,-0.07160414774328619,1100100,NfsA,ec50,2039
-1.9368109062766967e-4,0.2992013846175731,0.07554696139253074,1101000,NfsA,ec50,2039
0.22755669933505085,0.8876854837854253,-0.08354605145007493,1110000,NfsA,ec50,2039
-0.16008910204606316,0.21960763784376175,0.43456890403419873,0001111,NfsA,ec50,2039
0.03137285682756904,0.34372102104748703,0.5237464668115644,0010111,NfsA,ec50,2039
-0.12307824524186813,0.14344995227779112,0.6884198220027106,0011011,NfsA,ec50,2039
0.10236246310813574,0.5207857557744938,0.01703333929878037,0011101,NfsA,ec50,2039
0.012371494746054775,0.4262842386297123,0.2355284469075489,0011110,NfsA,ec50,2039
0.4194778251472352,0.9012300506078197,-0.23284413391781958,0100111,NfsA,ec50,2039
0.3884202422623887,0.9038593308280399,-0.15181088300860132,0101011,NfsA,ec50,2039
-0.09285358427027898,0.0847203499985316,-0.08039897621588903,0101101,NfsA,ec50,2039
0.5315704121946105,1.0961124104295938,-0.6615435063953952,0101110,NfsA,ec50,2039
0.06425236632664211,0.5251348255845618,0.45939248775923086,0110011,NfsA,ec50,2039
0.07666180394993863,0.33167553572836095,-0.07160414774328619,0110101,NfsA,ec50,2039
0.5899885889855957,1.1612167064724612,-0.40230481407448765,0110110,NfsA,ec50,2039
0.1963671954215037,0.5228787452803376,-0.19654288435158612,0111001,NfsA,ec50,2039
0.3208421058645521,0.8560323549938302,-0.1180450286603995,0111010,NfsA,ec50,2039
-0.05629896080591979,0.09600293782426786,-0.17327747983100789,0111100,NfsA,ec50,2039
0.09755268995761313,0.23501019567432724,0.6324572921847242,1000111,NfsA,ec50,2039
0.033381886365422164,0.11922007265329027,0.7126497016272114,1001011,NfsA,ec50,2039
0.2784821954309338,0.7211957199547623,-0.06701917807680184,1001101,NfsA,ec50,2039
0.053319678946724604,0.13161298733417903,0.5301996982030822,1001110,NfsA,ec50,2039
0.04581682410931154,0.1357226122919889,0.8488047010518037,1010011,NfsA,ec50,2039
0.22194389869813883,0.8380837101738419,0.029383777685209667,1010101,NfsA,ec50,2039
0.11534771848347554,0.2200845177444316,0.6473829701146199,1010110,NfsA,ec50,2039
0.29568632052261307,0.9154158257305767,-0.08354605145007493,1011001,NfsA,ec50,2039
0.05280843659409614,0.14078828215753325,0.6910814921229684,1011010,NfsA,ec50,2039
0.11862389823127638,0.5936268237910997,0.06818586174616162,1011100,NfsA,ec50,2039
0.038975328890307526,0.22184874961635637,0.7626785637274363,1100011,NfsA,ec50,2039
0.21717768602665533,0.6911197042627075,-0.022733787572707352,1100101,NfsA,ec50,2039
0.2244228906116544,0.3627125453022371,0.3961993470957364,1100110,NfsA,ec50,2039
0.19068853226315777,0.7477270740367961,0.004321373782642578,1101001,NfsA,ec50,2039
0.2667865467189188,0.3773001018093347,0.37474834601010387,1101010,NfsA,ec50,2039
0.174086313590294,0.4881166390211256,-0.05354773498692691,1101100,NfsA,ec50,2039
0.4495798892359865,1.1928366643236745,-0.208309350979882,1110001,NfsA,ec50,2039
0.023002745023048516,0.18038788100844216,0.8041394323353505,1110010,NfsA,ec50,2039
0.19309921131083568,0.754590518615331,0.004321373782642578,1110100,NfsA,ec50,2039
0.18723309055221082,0.7620961899316381,-0.02410886359820726,1111000,NfsA,ec50,2039
-0.06463718257047824,0.33666272262619235,0.5378190950732742,0011111,NfsA,ec50,2039
0.7038924880214482,0.9673467377499431,-0.368556230986828,0101111,NfsA,ec50,2039
0.23383322151654579,0.655855823712041,0.2600713879850748,0110111,NfsA,ec50,2039
0.19755071092520765,0.6495552754730414,0.32633586092875144,0111011,NfsA,ec50,2039
0.11922340574128136,0.227404831560444,-0.15552282425431863,0111101,NfsA,ec50,2039
0.8592728740972104,1.1907317852385713,-0.4559319556497244,0111110,NfsA,ec50,2039
0.08245962035333032,0.22030527582150605,0.6541765418779605,1001111,NfsA,ec50,2039
0.027737026839239676,0.048459723838064295,0.8674674878590515,1010111,NfsA,ec50,2039
0.09331670277012799,0.14402136212129113,0.8318697742805017,1011011,NfsA,ec50,2039
0.38910935028184057,0.8985906812976738,-0.02410886359820726,1011101,NfsA,ec50,2039
0.14282813810689549,0.2126691321622053,0.6618126855372612,1011110,NfsA,ec50,2039
0.08897294254011529,0.24754129500711564,0.6683859166900001,1100111,NfsA,ec50,2039
0.03529237376301536,0.22384268858235423,0.7520484478194386,1101011,NfsA,ec50,2039
0.22283345743281502,0.5944691329804725,0.004321373782642578,1101101,NfsA,ec50,2039
0.23222626414178227,0.3002309255546482,0.43456890403419873,1101110,NfsA,ec50,2039
-0.03861813929433833,-0.008636176941999807,0.9845273133437926,1110011,NfsA,ec50,2039
0.47509877879325674,1.0053028068079146,-0.0893755951107988,1110101,NfsA,ec50,2039
0.06645162824500783,0.15701531929914225,0.7589118923979735,1110110,NfsA,ec50,2039
0.5870452494994767,1.147231239866473,-0.17134010346468015,1111001,NfsA,ec50,2039
0.11735815666188909,0.23790381006836203,0.7379873263334308,1111010,NfsA,ec50,2039
0.3724340346350635,0.8120743715955869,-0.07727454200674003,1111100,NfsA,ec50,2039
0.907210893332201,0.907210893332201,0.07188200730612536,0111111,NfsA,ec50,2039
0.10461108293885979,0.10461108293885979,0.8744818176994665,1011111,NfsA,ec50,2039
0.38030239387521125,0.38030239387521125,0.5987905067631151,1101111,NfsA,ec50,2039
0.06316568894121055,0.06316568894121055,0.9159272116971158,1110111,NfsA,ec50,2039
0.003201764236533511,0.003201764236533511,0.9758911364017928,1111011,NfsA,ec50,2039
1.1235737449705263,1.1235737449705263,-0.1444808443321999,1111101,NfsA,ec50,2039
0.2442930710494794,0.2442930710494794,0.7347998295888469,1111110,NfsA,ec50,2039
