pos,mutations,idiosync
p66,Order 1,0.6391235470505418
p76,Order 1,1.192585518703635
p124,Order 1,1.2885266880183683
p132,Order 1,0.2868600903411011
p156,Order 1,1.4233520829462032
p243,Order 1,0.34848466988979293
p66|p76,Order 2,0.6133660257146382
p66|p124,Order 2,0.8011819331356319
p66|p132,Order 2,0.3874858997787313
p66|p156,Order 2,0.7004232882097315
p66|p243,Order 2,0.373505230460825
p76|p124,Order 2,1.1072004827649449
p76|p132,Order 2,0.4128257638650923
p76|p156,Order 2,1.0675784934251353
p76|p243,Order 2,0.40380943612953407
p124|p132,Order 2,0.40278437506320663
p124|p156,Order 2,1.1645377977575881
p124|p243,Order 2,0.37142545350335554
p132|p156,Order 2,0.3732964512334456
p132|p243,Order 2,0.3620814302714364
p156|p243,Order 2,0.35354664178464784
p66|p76|p124,Order 3,1.0248210366062886
p66|p76|p132,Order 3,0.6234589215676748
p66|p76|p156,Order 3,0.9194067861811672
p66|p76|p243,Order 3,0.4584730477936361
p66|p124|p132,Order 3,0.7137298989484978
p66|p124|p156,Order 3,0.9203402234203967
p66|p124|p243,Order 3,0.6021953523758893
p66|p132|p156,Order 3,0.5588008426490957
p66|p132|p243,Order 3,0.575412010338725
p66|p156|p243,Order 3,0.45687892836847743
p76|p124|p132,Order 3,0.6495759816409966
p76|p124|p156,Order 3,0.9646466378326543
p76|p124|p243,Order 3,0.5687363138279553
p76|p132|p156,Order 3,0.6042850285429213
p76|p132|p243,Order 3,0.5111807300994272
p76|p156|p243,Order 3,0.5567077636736943
p124|p132|p156,Order 3,0.5425200984680304
p124|p132|p243,Order 3,0.5841214076251939
p124|p156|p243,Order 3,0.5204071105917355
p132|p156|p243,Order 3,0.579187094125124
p66|p76|p124|p132,Order 4,0.648345095867341
p66|p76|p124|p156,Order 4,0.6274947681365273
p66|p76|p124|p243,Order 4,0.4699289152001037
p66|p76|p132|p156,Order 4,0.7903832059972562
p66|p76|p132|p243,Order 4,0.6721525969784935
p66|p76|p156|p243,Order 4,0.6520639802415217
p66|p124|p132|p156,Order 4,0.8876431392391837
p66|p124|p132|p243,Order 4,0.7842154320981097
p66|p124|p156|p243,Order 4,0.7670672491016073
p66|p132|p156|p243,Order 4,0.905178486779317
p76|p124|p132|p156,Order 4,0.7256513990331642
p76|p124|p132|p243,Order 4,0.5946876946946361
p76|p124|p156|p243,Order 4,0.5718844069606227
p76|p132|p156|p243,Order 4,0.7469991319998238
p124|p132|p156|p243,Order 4,0.8492422702176228
p66|p76|p124|p132|p156,Order 5,0.8872392189920952
p66|p76|p124|p132|p243,Order 5,0.8872392189920952
p66|p76|p124|p156|p243,Order 5,0.8872392189920952
p66|p76|p132|p156|p243,Order 5,0.8872392189920953
p66|p124|p132|p156|p243,Order 5,0.8872392189920952
p76|p124|p132|p156|p243,Order 5,0.8872392189920953
