p66,p76,p124,p132,p156,p243,numbers,genotype,observed effect,epistatic effect,average effect,WT effect,cv,mutations,2 step,3 step,4 step,5 step,final step
-1,-1,-1,-1,-1,-1,000000,FNQEFT,0,-0.020730564000002602,-0.7932826953802096,0,0.1373684713472746,0,0,0,0,0,0
-1,-1,-1,-1,-1,1,000001,FNQEFP,-0.05700040663395948,-0.06960148733333445,-0.7891855323281262,-0.05700040663395948,0.0927136406297917,1,-0.05700040663395948,-0.05700040663395948,-0.05700040663395948,-0.05700040663395948,-0.05700040663395948
-1,-1,-1,-1,1,-1,000010,FNQEDT,-1.832682665251824,-1.8360114623333317,-1.4695272074322918,-1.832682665251824,0.019844231597087807,1,-1.832682665251824,-1.832682665251824,-1.832682665251824,-1.832682665251824,-1.832682665251824
-1,-1,-1,-1,1,1,000011,FNQEDP,-1.8096683018297086,-1.817579783666666,-1.4654300443802082,-1.8896830718857835,0.04164894683384269,2,-1.8096683018297086,-1.8096683018297086,-1.8096683018297086,-1.8096683018297086,-1.8096683018297086
-1,-1,-1,1,-1,-1,000100,FNQKFT,-0.1643094285075744,-0.17015294633333428,-0.7125163530572928,-0.1643094285075744,0.038063493895210077,1,-0.1643094285075744,-0.1643094285075744,-0.1643094285075744,-0.1643094285075744,-0.1643094285075744
-1,-1,-1,1,-1,1,000101,FNQKFP,-0.4282911681913124,-0.449080482000001,-0.7084191900052094,-0.22130983514153388,0.15319542910100045,2,-0.4282911681913124,-0.4282911681913124,-0.4282911681913124,-0.4282911681913124,-0.4282911681913124
-1,-1,-1,1,1,-1,000110,FNQKDT,-1.744727494896694,-1.7521686886666643,-1.388760865109375,-1.9969920937593983,0.05450570933495927,2,-1.744727494896694,-1.744727494896694,-1.744727494896694,-1.744727494896694,-1.744727494896694
-1,-1,-1,1,1,1,000111,FNQKDP,-1.7258421507363202,-1.7483266436666662,-1.3846637020572914,-2.053992500393358,0.14174793516689718,3,-1.9286944645243571,-1.7258421507363202,-1.7258421507363202,-1.7258421507363202,-1.7258421507363202
-1,-1,1,-1,-1,-1,001000,FNHEFT,-0.91009488856060206,-0.9173805806666678,-1.2066611366406261,-0.91009488856060206,0.046712955076438134,1,-0.91009488856060206,-0.91009488856060206,-0.91009488856060206,-0.91009488856060206,-0.91009488856060206
-1,-1,1,-1,-1,1,001001,FNHEFP,-1.3819519032879073,-1.4022313096666683,-1.2025639735885425,-0.9670952951945615,0.13605431646199612,2,-1.3819519032879073,-1.3819519032879073,-1.3819519032879073,-1.3819519032879073,-1.3819519032879073
-1,-1,1,-1,1,-1,001010,FNHEDT,-1.7986028756795485,-1.8021090206666668,-1.8829056486927083,-2.742777553812426,0.017817708281205564,2,-1.7986028756795487,-1.7986028756795487,-1.7986028756795487,-1.7986028756795487,-1.7986028756795487
-1,-1,1,-1,1,1,001011,FNHEDP,-1.826813731587726,-1.828882266666667,-1.8788084856406246,-2.7997779604463853,0.010489785813203234,3,-2.1904451203507787,-1.826813731587726,-1.826813731587726,-1.826813731587726,-1.826813731587726
-1,-1,1,1,-1,-1,001100,FNHKFT,-0.978810700930062,-0.9817205996666679,-1.1258947943177093,-1.0744043170681765,0.022087333144250786,2,-0.978810700930062,-0.978810700930062,-0.978810700930062,-0.978810700930062,-0.978810700930062
-1,-1,1,1,-1,1,001101,FNHKFP,-1.1001794975729038,-1.106576495333334,-1.1217976312656257,-1.131404723702136,0.048957511410132104,3,-1.6576490487071458,-1.1001794975729038,-1.1001794975729038,-1.1001794975729038,-1.1001794975729038
-1,-1,1,1,1,-1,001110,FNHKDT,-1.7375489102695705,-1.743126666333334,-1.8021393063697915,-2.9070869823200005,0.04289929148906233,3,-1.6150540891863046,-1.737548910269571,-1.737548910269571,-1.737548910269571,-1.737548910269571
-1,-1,1,1,1,1,001111,FNHKDP,-1.623423042943488,-1.6256180236666666,-1.7980421433177078,-2.96408738895396,0.022465096007794564,4,-2.2138776669073126,-1.2124192343052473,-1.623423042943488,-1.623423042943488,-1.623423042943488
-1,1,-1,-1,-1,-1,010000,FTQEFT,-1.3675427078152758,-1.3678789440000023,-0.991292764723959,-1.3675427078152758,0.0016031231823217585,1,-1.3675427078152758,-1.3675427078152758,-1.3675427078152758,-1.3675427078152758,-1.3675427078152758
-1,1,-1,-1,-1,1,010001,FTQEFP,-1.2676062401770316,-1.2685307626666682,-0.9871956016718756,-1.4245431144492353,0.00507940150222406,2,-1.2676062401770316,-1.2676062401770316,-1.2676062401770316,-1.2676062401770316,-1.2676062401770316
-1,1,-1,-1,1,-1,010010,FTQEDT,-1.8961962790440432,-1.9008501659999995,-1.6675372767760412,-3.2002253730670995,0.036093927067393235,2,-1.8961962790440432,-1.8961962790440432,-1.8961962790440432,-1.8961962790440432,-1.8961962790440432
-1,1,-1,-1,1,1,010011,FTQEDP,-1.7351821769904636,-1.736239468333332,-1.6634401137239576,-3.257225779701059,0.0035669629428636686,3,-1.7162450413497239,-1.7351821769904636,-1.7351821769904636,-1.7351821769904636,-1.7351821769904636
-1,1,-1,1,-1,-1,010100,FTQKFT,-1.174573882232177,-1.1798411680000007,-0.9105264224010422,-1.5318521363228501,0.040189809330094695,2,-1.174573882232177,-1.174573882232177,-1.174573882232177,-1.174573882232177,-1.174573882232177
-1,1,-1,1,-1,1,010101,FTQKFP,-1.2479515521805615,-1.247775601666667,-0.9064292593489588,-1.5888525429568097,2.4631594127713934e-4,3,-1.2816187476437113,-1.2479515521805615,-1.2479515521805615,-1.2479515521805615,-1.2479515521805615
-1,1,-1,1,1,-1,010110,FTQKDT,-1.9100948885606022,-1.9137171096666656,-1.5867709344531244,-3.364534801574674,0.021584561779287973,3,-1.4509628545982405,-1.9100948885606024,-1.9100948885606024,-1.9100948885606024,-1.9100948885606024
-1,1,-1,1,1,1,010111,FTQKDP,-1.6840296545430822,-1.694126416666665,-1.5826737714010408,-3.4215352082086334,0.0716560390996977,4,-1.4779929499536992,-1.7195426103056142,-1.684029654543082,-1.684029654543082,-1.684029654543082
-1,1,1,-1,-1,-1,011000,FTHEFT,-1.6143937264016879,-1.6171115630000008,-1.4046712059843756,-2.277637596375878,0.01872847860348172,2,-1.6143937264016879,-1.6143937264016879,-1.6143937264016879,-1.6143937264016879,-1.6143937264016879
-1,1,1,-1,-1,1,011001,FTHEFP,-1.5406075122407692,-1.5448059489999997,-1.400574042932292,-2.3346380030098373,0.03110046048807453,3,-1.9293138668567893,-1.5406075122407692,-1.5406075122407692,-1.5406075122407692,-1.5406075122407692
-1,1,1,-1,1,-1,011010,FTHEDT,-1.8153085691824011,-1.8176011269999992,-2.0809157180364575,-4.110320261627702,0.013289493359158099,3,-1.1988726194975787,-1.8153085691824011,-1.8153085691824011,-1.8153085691824011,-1.8153085691824011
-1,1,1,-1,1,1,011011,FTHEDP,-1.5466816599529623,-1.5524038666666673,-2.076818554984374,-4.167320668261662,0.03573490764766196,4,-1.4337779898966054,-1.316813331843095,-1.5466816599529625,-1.5466816599529625,-1.5466816599529625
-1,1,1,1,-1,-1,011100,FTHKFT,-1.6497519816658373,-1.6572876526666667,-1.3239048636614588,-2.4419470248834525,0.05230564175426502,3,-1.3258312846804747,-1.6497519816658373,-1.6497519816658373,-1.6497519816658373,-1.6497519816658373
-1,1,1,1,-1,1,011101,FTHKFP,-1.5058454059815571,-1.5132867990000012,-1.3198077006093751,-2.498947431517412,0.05214858434339243,4,-1.8477327581853547,-1.1918103539573053,-1.5058454059815571,-1.5058454059815571,-1.5058454059815571
-1,1,1,1,1,-1,011110,FTHKDT,-1.7594507517174003,-1.7898493606666661,-2.0001493757135407,-4.274629690135276,0.16828120733656773,4,-0.6580455789136604,-2.1800290806294735,-1.7594507517174005,-1.7594507517174005,-1.7594507517174005
-1,1,1,1,1,1,011111,FTHKDP,-1.5559552040819238,-1.556755553,-1.9960522126614573,-4.331630096769236,0.0021186418466453824,5,-1.099932282362466,-1.0945261159545177,-1.5933420200522723,-1.5559552040819247,-1.5559552040819247
1,-1,-1,-1,-1,-1,100000,VNQEFT,-0.08830984124613889,-0.09318144900000372,-1.0316794596197936,-0.08830984124613889,0.037029579570451464,1,-0.08830984124613889,-0.08830984124613889,-0.08830984124613889,-0.08830984124613889,-0.08830984124613889
1,-1,-1,-1,-1,1,100001,VNQEFP,-0.4089353929735008,-0.40902221933333505,-1.02758229656771,-0.14531024788009836,0.0028573489129518188,2,-0.4089353929735008,-0.4089353929735008,-0.4089353929735008,-0.4089353929735008,-0.4089353929735008
1,-1,-1,-1,1,-1,100010,VNQEDT,-2.223298816011589,-2.2440047039999995,-1.7079239716718757,-1.920992506497963,0.134783035380435,2,-2.223298816011589,-2.223298816011589,-2.223298816011589,-2.223298816011589,-2.223298816011589
1,-1,-1,-1,1,1,100011,VNQEDP,-2.260427655549908,-2.278968085666666,-1.703826808619792,-1.9779929131319225,0.13030097393579543,3,-2.463909597682876,-2.260427655549908,-2.260427655549908,-2.260427655549908,-2.260427655549908
1,-1,-1,1,-1,-1,100100,VNQKFT,-0.11577123036739606,-0.11575432733333478,-0.9509131172968767,-0.2526192697537133,0.0010985057776655,2,-0.11577123036739606,-0.11577123036739606,-0.11577123036739606,-0.11577123036739606,-0.11577123036739606
1,-1,-1,1,-1,1,100101,VNQKFP,-0.1830961606243397,-0.20999650266666825,-0.9468159542447933,-0.3096196763876728,0.20282503820170664,3,-0.6433781151445366,-0.18309616062433975,-0.18309616062433975,-0.18309616062433975,-0.18309616062433975
1,-1,-1,1,1,-1,100110,VNQKDT,-2.0301183562535,-2.0372797393333326,-1.627157629348959,-2.0853019350055373,0.04684224918670137,3,-1.998495606270142,-2.0301183562535,-2.0301183562535,-2.0301183562535,-2.0301183562535
1,-1,-1,1,1,1,100111,VNQKDP,-2.10292299679058,-2.1030623156666675,-1.6230604662968753,-2.1423023416394966,0.0012103736048725766,4,-2.4460877209912075,-1.6110942605333634,-2.10292299679058,-2.10292299679058,-2.10292299679058
1,-1,1,-1,-1,-1,101000,VNHEFT,-1.9065783148377649,-1.944798976000001,-1.44505790088021,-0.9984047298067409,0.19343380134543423,2,-1.9065783148377649,-1.9065783148377649,-1.9065783148377649,-1.9065783148377649,-1.9065783148377649
1,-1,1,-1,-1,1,101001,VNHEFP,-2.164943898279884,-2.228068742000002,-1.4409607378281264,-1.0554051364407004,0.4754381459541768,3,-2.642060474658473,-2.164943898279884,-2.164943898279884,-2.164943898279884,-2.164943898279884
1,-1,1,-1,1,-1,101010,VNHEDT,-2.3477536589966768,-2.348452362666668,-2.121302412932292,-2.8310873950585647,0.0021044990995478167,3,-3.0973926114703376,-2.3477536589966768,-2.3477536589966768,-2.3477536589966768,-2.3477536589966768
1,-1,1,-1,1,1,101011,VNHEDP,-2.036212172654445,-2.043827844666667,-2.1172052498802083,-2.888087801692524,0.056860077638369866,4,-3.7528600012349695,-1.958991141486699,-2.036212172654444,-2.036212172654444,-2.036212172654444
1,-1,1,1,-1,-1,101100,VNHKFT,-1.9355420107730816,-1.9383112850000015,-1.3642915585572932,-1.1627141583143152,0.024903692584120025,3,-1.8384460878209072,-1.9355420107730814,-1.9355420107730814,-1.9355420107730814,-1.9355420107730814
1,-1,1,1,-1,1,101101,VNHKFP,-1.9355420107730816,-1.9496965083333353,-1.3601943955052096,-1.2197145649482748,0.08086122473079033,4,-2.780909580691394,-1.3831374216105403,-1.9355420107730816,-1.9355420107730816,-1.9355420107730816
1,-1,1,1,1,-1,101110,VNHKDT,-2.079876673709276,-2.0799472510000006,-2.040536070609375,-2.9953968235661392,0.0011930399749015945,4,-2.776995785590776,-2.2785703271359132,-2.079876673709276,-2.079876673709276,-2.079876673709276
1,-1,1,1,1,1,101111,VNHKDP,-1.958607314841775,-1.979876313666667,-2.0364389075572915,-3.0523972302000986,0.1462031817946419,5,-3.6394445084051865,-0.8761853232332384,-2.2099498350323445,-1.9586073148417742,-1.9586073148417742
1,1,-1,-1,-1,-1,110000,VTQEFT,-1.2196826878598488,-1.2198629713333342,-1.229689528963543,-1.4558525490614147,0.0010456223227490497,2,-1.2196826878598488,-1.2196826878598488,-1.2196826878598488,-1.2196826878598488,-1.2196826878598488
1,1,-1,-1,-1,1,110001,VTQEFP,-1.3400837999301498,-1.347044045000001,-1.2255923659114594,-1.5128529556953743,0.05247521356818138,3,-1.383371365315007,-1.3400837999301498,-1.3400837999301498,-1.3400837999301498,-1.3400837999301498
1,1,-1,-1,1,-1,110010,VTQEDT,-1.869666231504994,-1.870159022333332,-1.9059340410156251,-3.2885352143132387,0.0024430006666820016,3,-2.050642568602243,-1.869666231504994,-1.869666231504994,-1.869666231504994,-1.869666231504994
1,1,-1,-1,1,1,110011,VTQEDP,-1.7520267336381934,-1.7522725856666663,-1.9018368779635415,-3.345535620947198,0.009690119007299235,4,-2.1343164760013256,-1.725507767026991,-1.752026733638193,-1.752026733638193,-1.752026733638193
1,1,-1,1,-1,-1,110100,VTQKFT,-1.258060922270801,-1.2594773813333346,-1.1489231866406262,-1.620161977568989,0.009506114807647343,3,-0.8898658228904328,-1.258060922270801,-1.258060922270801,-1.258060922270801,-1.258060922270801
1,1,-1,1,-1,1,110101,VTQKFP,-1.239577516576788,-1.2397057613333344,-1.1448260235885426,-1.6771623842029486,1.7452659388867464e-4,4,-1.2605358333953696,-1.091494217407534,-1.2395775165767882,-1.2395775165767882,-1.2395775165767882
1,1,-1,1,1,-1,110110,VTQKDT,-1.7986028756795485,-1.799212091999999,-1.8251676986927083,-3.4528446428208133,0.009843568094705556,4,-1.4685611047701224,-2.1465346509989613,-1.7986028756795482,-1.7986028756795482,-1.7986028756795482
1,1,-1,1,1,1,110111,VTQKDP,-1.665546248849069,-1.678036799333333,-1.8210705356406247,-3.5098450494547726,0.09826398577542095,5,-1.7592163452189844,-1.512556055799354,-1.7955423267550814,-1.665546248849069,-1.665546248849069
1,1,1,-1,-1,-1,111000,VTHEFT,-1.9507819773298183,-1.952081784333334,-1.6430679702239595,-2.3659474376220166,0.003884403742239616,3,-2.374707291477285,-1.9507819773298183,-1.9507819773298183,-1.9507819773298183,-1.9507819773298183
1,1,1,-1,-1,1,111001,VTHEFP,-1.7931741239681502,-1.8018288976666674,-1.6389708071718758,-2.422947844255976,0.048440428890178744,4,-2.953252577025788,-1.6202167664988552,-1.7931741239681496,-1.7931741239681496,-1.7931741239681496
1,1,1,-1,1,-1,111010,VTHEDT,-1.8386319977650252,-1.840912324333333,-2.3193124822760414,-4.198630102873841,0.006108196720687283,4,-2.261492494086801,-1.523387840053247,-1.8386319977650247,-1.8386319977650247,-1.8386319977650247
1,1,1,-1,1,1,111011,VTHEDP,-1.853871964321762,-1.8615338979999998,-2.3152153192239577,-4.2556305095078,0.05202960525896028,5,-2.7600230095792306,-0.5646316639109296,-1.3864415049808163,-1.853871964321762,-1.853871964321762
1,1,1,1,-1,-1,111100,VTHKFT,-1.6420651529995463,-1.6412112073333347,-1.5623016279010427,-2.530256866129591,5.637424549481987e-4,4,-1.949296810369754,-2.314583215540192,-1.6420651529995456,-1.6420651529995456,-1.6420651529995456
1,1,1,1,-1,1,111101,VTHKFP,-1.7594507517174003,-1.7597596006666683,-1.558204464848959,-2.5872572727635506,0.0025656996262006545,5,-2.7348234289680358,-1.139580636641419,-1.6545428719261142,-1.759450751717399,-1.759450751717399
1,1,1,1,1,-1,111110,VTHKDT,-1.6536470255493614,-1.6570768683333337,-2.2385461399531246,-4.362939531381415,0.01972658220472983,5,-1.5838174141165677,-2.248174084429905,-0.9236964219429125,-1.6536470255493625,-1.6536470255493625
1,1,1,1,1,1,111111,VTHKDP,-1.562249437179612,-1.573631118999999,-2.234448976901041,-4.419939938015375,0.0702711723731784,6,-2.289329262658775,-0.24212822643173915,-1.306058776791828,-2.189622305463579,-1.562249437179613
