p72,p193,p258,p271,p273,numbers,genotype,observed effect,epistatic effect,average effect,WT effect,cv,mutations,2 step,3 step,4 step,final step
-1,-1,-1,-1,-1,00000,L-HIF,0,-0.023550309719480706,-0.22455399779745583,0,0.1317337551909569,0,0,0,0,0
-1,-1,-1,-1,1,00001,L-HIL,0.17897694729316943,0.1727228527631343,0.12585989948623222,0.17897694729316943,0.032583716019367374,1,0.17897694729316943,0.17897694729316943,0.17897694729316943,0.17897694729316943
-1,-1,-1,1,-1,00010,L-HTF,-0.6143937264016879,-0.6222946634520762,-0.5257148933442776,-0.6143937264016879,0.05427987167272044,1,-0.6143937264016879,-0.6143937264016879,-0.6143937264016879,-0.6143937264016879
-1,-1,-1,1,1,00011,L-HTL,-0.3545777306509081,-0.3558084078291053,-0.1753009960605895,-0.43541677910851845,0.010285634782263336,2,-0.3545777306509081,-0.3545777306509081,-0.3545777306509081,-0.3545777306509081
-1,-1,1,-1,-1,00100,L-LIF,1.1522883443830565,1.1523525394413512,0.5689146115617432,1.1522883443830565,7.595574996376572e-4,1,1.1522883443830565,1.1522883443830565,1.1522883443830565,1.1522883443830565
-1,-1,1,-1,1,00101,L-LIL,0.9740509027928773,0.9731270570437536,0.9193285088454313,1.331265291676226,0.006330232390246847,2,0.9740509027928772,0.9740509027928772,0.9740509027928772,0.9740509027928772
-1,-1,1,1,-1,00110,L-LTF,0.43933269383026263,0.4383212930792424,0.2677537160149215,0.5378946179813686,0.009392471209343443,2,0.43933269383026263,0.43933269383026263,0.43933269383026263,0.43933269383026263
-1,-1,1,1,1,00111,L-LTL,0.8926510338773003,0.8918167656549499,0.6181676132986096,0.7168715652745381,0.003953018882257507,3,0.34193430069769376,0.8926510338773004,0.8926510338773004,0.8926510338773004
-1,1,-1,-1,-1,01000,LSHIF,0.17609125905568124,0.17608209599570018,0.196631733080304,0.17609125905568124,0.002018807977633438,1,0.17609125905568124,0.17609125905568124,0.17609125905568124,0.17609125905568124
-1,1,-1,-1,1,01001,LSHIL,0.4082399653118496,0.40784868306263355,0.547045630363992,0.35506820634885067,0.005676007823160799,2,0.40823996531184953,0.40823996531184953,0.40823996531184953,0.40823996531184953
-1,1,-1,1,-1,01010,LSHTF,-0.5086383061657274,-0.5102767077843187,-0.1045291624665177,-0.43830246734600664,0.01511648907549689,2,-0.5086383061657274,-0.5086383061657274,-0.5086383061657274,-0.5086383061657274
-1,1,-1,1,1,01011,LSHTL,-0.23657200643706275,-0.23859112891302925,0.24588473481717035,-0.2593255200528372,0.012765821398162234,3,-0.19565055145194865,-0.23657200643706267,-0.23657200643706267,-0.23657200643706267
-1,1,1,-1,-1,01100,LSLIF,1.24551266781415,1.2458273012926266,0.9901003424395028,1.3283796034387376,0.005692190732271806,2,1.24551266781415,1.24551266781415,1.24551266781415,1.24551266781415
-1,1,1,-1,1,01101,LSLIL,1.1931245983544616,1.1923230137576637,1.3405142397231908,1.507356550731907,2.4554928763110217e-4,3,1.1204469851869696,1.1931245983544616,1.1931245983544616,1.1931245983544616
-1,1,1,1,-1,01110,LSLTF,0.5538830266438743,0.5536890953455603,0.6889394468926813,0.7139858770370497,0.004624696039473827,3,0.46222117844163546,0.5538830266438743,0.5538830266438743,0.5538830266438743
-1,1,1,1,1,01111,LSLTL,1.0644579892269184,1.0648052912926989,1.0393533441763694,0.8929628243302192,0.004614759571577059,4,0.41799454427206545,1.0921292838362888,1.0644579892269184,1.0644579892269184
1,-1,-1,-1,-1,10000,R-HIF,0.41664050733828095,0.4156260758291065,-0.058500345084357336,0.41664050733828095,0.0035815892094024178,1,0.41664050733828095,0.41664050733828095,0.41664050733828095,0.41664050733828095
1,-1,-1,-1,1,10001,R-HIL,0.11058971029924898,0.1073397305091068,0.2919135521993307,0.5956174546314503,0.01369113657864848,2,0.11058971029924902,0.11058971029924902,0.11058971029924902,0.11058971029924902
1,-1,-1,1,-1,10010,R-HTF,-0.5272435506827877,-0.5278143907713413,-0.359661240631179,-0.19775321906340693,0.004216581650378848,2,-0.5272435506827877,-0.5272435506827877,-0.5272435506827877,-0.5272435506827877
1,-1,-1,1,1,10011,R-HTL,-0.07675598136972352,-0.07722584862155461,-0.009247343347490972,-0.018776271770237496,0.0024599286226130103,3,-0.7524552992642092,-0.07675598136972339,-0.07675598136972339,-0.07675598136972339
1,-1,1,-1,-1,10100,R-LIF,0.534026106056135,0.5332515574028788,0.7349682642748416,1.5689288517213376,0.007846803592708791,2,0.5340261060561349,0.5340261060561349,0.5340261060561349,0.5340261060561349
1,-1,1,-1,1,10101,R-LIL,0.23299611039215382,0.23015137474697864,1.0853821615585297,1.747905799014507,0.016086028620133436,3,-0.12923907986624567,0.2329961103921538,0.2329961103921538,0.2329961103921538
1,-1,1,1,-1,10110,R-LTF,0.2528530309798932,0.251383328569789,0.43380736872801995,0.9545351253196497,0.0032527206012818903,3,-0.5084198761160398,0.2528530309798931,0.2528530309798931,0.2528530309798931
1,-1,1,1,1,10111,R-LTL,0.9329808219231982,0.9179391910672839,0.784221266011708,1.1335120726128192,0.0904653557053488,4,-1.0908460135808098,1.259078134847615,0.9329808219231983,0.9329808219231983
1,1,-1,-1,-1,11000,RSHIF,0.5078558716958309,0.5067870092808466,0.36268538579340237,0.5927317663939622,0.003707906108836871,2,0.5078558716958309,0.5078558716958309,0.5078558716958309,0.5078558716958309
1,1,-1,-1,1,11001,RSHIL,1.0791812460476249,1.0799419751458132,0.7130992830770905,0.7717087136871317,5.340258632126221e-4,3,0.25497683361979795,1.0791812460476249,1.0791812460476249,1.0791812460476249
1,1,-1,1,-1,11010,RSHTF,-0.07160414774328619,-0.07208345709090008,0.06152449024658077,-0.02166196000772569,0.0023095321445608936,3,-0.5063640251449584,-0.0716041477432861,-0.0716041477432861,-0.0716041477432861
1,1,-1,1,1,11011,RSHTL,1.0606978403536116,1.060371609457967,0.4119383875302688,0.15731498728544374,0.009663456943759457,4,-0.678404014763381,1.2153381379754902,1.0606978403536118,1.0606978403536118
1,1,1,-1,-1,11100,RSLIF,0.8524799936368563,0.852088346770315,1.1561539951526014,1.7450201107770187,0.0015405961774534265,3,0.5423745347890971,0.8524799936368563,0.8524799936368563,0.8524799936368563
1,1,1,-1,1,11101,RSLIL,1.235528446907549,1.2341918537882413,1.5065678924362893,1.9239970580701882,0.0017424257102370828,4,-0.0677188921702847,1.5015037825311928,1.2355284469075487,1.2355284469075487
1,1,1,1,-1,11110,RSLTF,0.6776069527204931,0.6741237002772903,0.8549930996057798,1.1306263843753308,0.021730535616002637,4,-0.5704072862027981,1.0273928053448051,0.6776069527204931,0.6776069527204931
1,1,1,1,1,11111,RSLTL,1.990782691803138,1.989181158079065,1.2054069968894678,1.3096033316685003,0.009390169573114723,5,-1.0996616647045698,2.94275023878573,1.8185801453821087,1.9907826918031375
