p66,x00000,1,0.004321373782642578,OXA-48,ic50,CAZtraj2
p66,x00001,2,0.014240439114610245,OXA-48,ic50,CAZtraj2
p66,x00010,2,-0.18548177586175074,OXA-48,ic50,CAZtraj2
p66,x00011,3,-0.5601880405534294,OXA-48,ic50,CAZtraj2
p66,x00100,2,0.014723256820706365,OXA-48,ic50,CAZtraj2
p66,x00101,3,0.045358872375826406,OXA-48,ic50,CAZtraj2
p66,x00110,3,-0.1361279591106616,OXA-48,ic50,CAZtraj2
p66,x00111,4,-0.34768201688468603,OXA-48,ic50,CAZtraj2
p66,x01000,2,-0.15224164856215205,OXA-48,ic50,CAZtraj2
p66,x01001,3,-0.6394515373968594,OXA-48,ic50,CAZtraj2
p66,x01010,3,-0.5078879833807066,OXA-48,ic50,CAZtraj2
p66,x01011,4,-0.9442025725068552,OXA-48,ic50,CAZtraj2
p66,x01100,3,0.045539197275404064,OXA-48,ic50,CAZtraj2
p66,x01101,4,-0.4835013513574382,OXA-48,ic50,CAZtraj2
p66,x01110,4,-0.30539480106643124,OXA-48,ic50,CAZtraj2
p66,x01111,5,-0.39398585860799795,OXA-48,ic50,CAZtraj2
p66,x10000,2,0.05358282807263174,OXA-48,ic50,CAZtraj2
p66,x10001,3,-0.014318697423120641,OXA-48,ic50,CAZtraj2
p66,x10010,3,0.034636022797184474,OXA-48,ic50,CAZtraj2
p66,x10011,4,-0.0734930385940411,OXA-48,ic50,CAZtraj2
p66,x10100,3,0.011767855950506962,OXA-48,ic50,CAZtraj2
p66,x10101,4,-0.005752328889091302,OXA-48,ic50,CAZtraj2
p66,x10110,4,0.11873101325395535,OXA-48,ic50,CAZtraj2
p66,x10111,5,-0.10198953853733139,OXA-48,ic50,CAZtraj2
p66,x11000,3,-0.23360252587151054,OXA-48,ic50,CAZtraj2
p66,x11001,4,-0.5129080086392629,OXA-48,ic50,CAZtraj2
p66,x11010,4,-0.1592233337683857,OXA-48,ic50,CAZtraj2
p66,x11011,5,-0.18317405399409448,OXA-48,ic50,CAZtraj2
p66,x11100,4,-0.07750531367457814,OXA-48,ic50,CAZtraj2
p66,x11101,5,-0.27673555544870077,OXA-48,ic50,CAZtraj2
p66,x11110,5,-0.14239341426843588,OXA-48,ic50,CAZtraj2
p66,x11111,6,-0.04641902074479565,OXA-48,ic50,CAZtraj2
p76,0x0000,1,-0.004364805402450088,OXA-48,ic50,CAZtraj2
p76,0x0001,2,0.187990482355389,OXA-48,ic50,CAZtraj2
p76,0x0010,2,0.15140426740030888,OXA-48,ic50,CAZtraj2
p76,0x0011,3,0.15936258092821864,OXA-48,ic50,CAZtraj2
p76,0x0100,2,-0.0013233971090755893,OXA-48,ic50,CAZtraj2
p76,0x0101,3,0.14441709000414887,OXA-48,ic50,CAZtraj2
p76,0x0110,3,-0.03636386475584841,OXA-48,ic50,CAZtraj2
p76,0x0111,4,-0.07773600517344392,OXA-48,ic50,CAZtraj2
p76,0x1000,2,0.3181980208009951,OXA-48,ic50,CAZtraj2
p76,0x1001,3,0.6910334376053974,OXA-48,ic50,CAZtraj2
p76,0x1010,3,0.049275359059716695,OXA-48,ic50,CAZtraj2
p76,0x1011,4,0.43805723188002,OXA-48,ic50,CAZtraj2
p76,0x1100,3,0.4562591899853646,OXA-48,ic50,CAZtraj2
p76,0x1101,4,0.40393037236122487,OXA-48,ic50,CAZtraj2
p76,0x1110,4,0.21748394421390627,OXA-48,ic50,CAZtraj2
p76,0x1111,5,0.17135775735309555,OXA-48,ic50,CAZtraj2
p76,1x0000,2,0.044896648887539074,OXA-48,ic50,CAZtraj2
p76,1x0001,3,0.15943134581765814,OXA-48,ic50,CAZtraj2
p76,1x0010,3,0.3715220660592441,OXA-48,ic50,CAZtraj2
p76,1x0011,4,0.646057582887607,OXA-48,ic50,CAZtraj2
p76,1x0100,3,-0.004278797979274991,OXA-48,ic50,CAZtraj2
p76,1x0101,4,0.09330588873923117,OXA-48,ic50,CAZtraj2
p76,1x0110,4,0.21849510760876856,OXA-48,ic50,CAZtraj2
p76,1x0111,5,0.16795647317391071,OXA-48,ic50,CAZtraj2
p76,1x1000,3,0.2368371434916366,OXA-48,ic50,CAZtraj2
p76,1x1001,4,0.8175769663629939,OXA-48,ic50,CAZtraj2
p76,1x1010,4,0.3979400086720376,OXA-48,ic50,CAZtraj2
p76,1x1011,5,1.1990857503927808,OXA-48,ic50,CAZtraj2
p76,1x1100,4,0.3332146790353824,OXA-48,ic50,CAZtraj2
p76,1x1101,5,0.6106961682699623,OXA-48,ic50,CAZtraj2
p76,1x1110,5,0.38048533101190163,OXA-48,ic50,CAZtraj2
p76,1x1111,6,0.5189245952162979,OXA-48,ic50,CAZtraj2
p124,00x000,1,0.26951294421791633,OXA-48,ic50,CAZtraj2
p124,00x001,2,0.6171751426857073,OXA-48,ic50,CAZtraj2
p124,00x010,2,0.4613556585700705,OXA-48,ic50,CAZtraj2
p124,00x011,3,0.3996947362385882,OXA-48,ic50,CAZtraj2
p124,00x100,2,0.30497616146849543,OXA-48,ic50,CAZtraj2
p124,00x101,3,1.1209359941546262,OXA-48,ic50,CAZtraj2
p124,00x110,3,0.5068906398962072,OXA-48,ic50,CAZtraj2
p124,00x111,4,0.35751135161642944,OXA-48,ic50,CAZtraj2
p124,01x000,2,0.5920757704213615,OXA-48,ic50,CAZtraj2
p124,01x001,3,1.1202180979357155,OXA-48,ic50,CAZtraj2
p124,01x010,3,0.3592267502294783,OXA-48,ic50,CAZtraj2
p124,01x011,4,0.6783893871903895,OXA-48,ic50,CAZtraj2
p124,01x100,3,0.7625587485629356,OXA-48,ic50,CAZtraj2
p124,01x101,4,1.380449276511702,OXA-48,ic50,CAZtraj2
p124,01x110,4,0.7607384488659619,OXA-48,ic50,CAZtraj2
p124,01x111,5,0.6066051141429689,OXA-48,ic50,CAZtraj2
p124,10x000,2,0.1129499218731217,OXA-48,ic50,CAZtraj2
p124,10x001,3,-0.036516833825762506,OXA-48,ic50,CAZtraj2
p124,10x010,3,0.13894945105111461,OXA-48,ic50,CAZtraj2
p124,10x011,4,0.01568020428516234,OXA-48,ic50,CAZtraj2
p124,10x100,3,0.33579210192319314,OXA-48,ic50,CAZtraj2
p124,10x101,4,0.5920757704213615,OXA-48,ic50,CAZtraj2
p124,10x110,4,0.3376237979404375,OXA-48,ic50,CAZtraj2
p124,10x111,5,0.3112075098931175,OXA-48,ic50,CAZtraj2
p124,11x000,3,0.3048904164772192,OXA-48,ic50,CAZtraj2
p124,11x001,4,0.6216287867195733,OXA-48,ic50,CAZtraj2
p124,11x010,4,0.16536739366390812,OXA-48,ic50,CAZtraj2
p124,11x011,5,0.5687083717903362,OXA-48,ic50,CAZtraj2
p124,11x100,4,0.6732855789378506,OXA-48,ic50,CAZtraj2
p124,11x101,5,1.1094660499520925,OXA-48,ic50,CAZtraj2
p124,11x110,5,0.4996140213435706,OXA-48,ic50,CAZtraj2
p124,11x111,6,0.6621756319355047,OXA-48,ic50,CAZtraj2
p132,000x00,1,-0.0061230850587887945,OXA-48,ic50,CAZtraj2
p132,000x01,2,-0.04175474810700115,OXA-48,ic50,CAZtraj2
p132,000x10,2,0.12435774055923743,OXA-48,ic50,CAZtraj2
p132,000x11,3,0.3396968065633027,OXA-48,ic50,CAZtraj2
p132,001x00,2,0.029340132191790325,OXA-48,ic50,CAZtraj2
p132,001x01,3,0.4620061033619177,OXA-48,ic50,CAZtraj2
p132,001x10,3,0.16989272188537408,OXA-48,ic50,CAZtraj2
p132,001x11,4,0.29751342194114394,OXA-48,ic50,CAZtraj2
p132,010x00,2,-0.0030816767654142955,OXA-48,ic50,CAZtraj2
p132,010x01,3,-0.0853281404582413,OXA-48,ic50,CAZtraj2
p132,010x10,3,-0.06341039159691986,OXA-48,ic50,CAZtraj2
p132,010x11,4,0.10259822046164013,OXA-48,ic50,CAZtraj2
p132,011x00,3,0.16740130137615983,OXA-48,ic50,CAZtraj2
p132,011x01,4,0.1749030381177452,OXA-48,ic50,CAZtraj2
p132,011x10,4,0.33810130703956365,OXA-48,ic50,CAZtraj2
p132,011x11,5,0.0308139474142195,OXA-48,ic50,CAZtraj2
p132,100x00,2,0.004278797979274991,OXA-48,ic50,CAZtraj2
p132,100x01,3,-0.010636314845784992,OXA-48,ic50,CAZtraj2
p132,100x10,3,0.17371155731032656,OXA-48,ic50,CAZtraj2
p132,100x11,4,0.5522028302320461,OXA-48,ic50,CAZtraj2
p132,101x00,3,0.22712097802934644,OXA-48,ic50,CAZtraj2
p132,101x01,4,0.617956289401339,OXA-48,ic50,CAZtraj2
p132,101x10,4,0.37238590419964945,OXA-48,ic50,CAZtraj2
p132,101x11,5,0.8477301358400012,OXA-48,ic50,CAZtraj2
p132,110x00,3,-0.044896648887539074,OXA-48,ic50,CAZtraj2
p132,110x01,4,-0.07676177192421196,OXA-48,ic50,CAZtraj2
p132,110x10,4,0.020684598859851022,OXA-48,ic50,CAZtraj2
p132,110x11,5,0.07410172051834985,OXA-48,ic50,CAZtraj2
p132,111x00,4,0.32349851357309223,OXA-48,ic50,CAZtraj2
p132,111x01,5,0.41107549130830734,OXA-48,ic50,CAZtraj2
p132,111x10,5,0.3549312265395135,OXA-48,ic50,CAZtraj2
p132,111x11,6,0.16756898066351833,OXA-48,ic50,CAZtraj2
p156,0000x0,1,0.27184160653649897,OXA-48,ic50,CAZtraj2
p156,0000x1,2,0.6145457028760222,OXA-48,ic50,CAZtraj2
p156,0001x0,2,0.4023224321545252,OXA-48,ic50,CAZtraj2
p156,0001x1,3,0.995997257546326,OXA-48,ic50,CAZtraj2
p156,0010x0,2,0.46368432088865313,OXA-48,ic50,CAZtraj2
p156,0010x1,3,0.3970652964289031,OXA-48,ic50,CAZtraj2
p156,0011x0,3,0.6042369105822369,OXA-48,ic50,CAZtraj2
p156,0011x1,4,0.2325726150081293,OXA-48,ic50,CAZtraj2
p156,0100x0,2,0.42761067933925795,OXA-48,ic50,CAZtraj2
p156,0100x1,3,0.5859178014488517,OXA-48,ic50,CAZtraj2
p156,0101x0,3,0.36728196450775236,OXA-48,ic50,CAZtraj2
p156,0101x1,4,0.7738441623687332,OXA-48,ic50,CAZtraj2
p156,0110x0,3,0.19476165914737475,OXA-48,ic50,CAZtraj2
p156,0110x1,4,0.1440890907035257,OXA-48,ic50,CAZtraj2
p156,0111x0,4,0.3654616648107786,OXA-48,ic50,CAZtraj2
p156,0111x1,5,0,OXA-48,ic50,CAZtraj2
p156,1000x0,2,0.08203845689210564,OXA-48,ic50,CAZtraj2
p156,1000x1,3,0.04011722320798247,OXA-48,ic50,CAZtraj2
p156,1001x0,3,0.2514712162231572,OXA-48,ic50,CAZtraj2
p156,1001x1,4,0.6029563682858136,OXA-48,ic50,CAZtraj2
p156,1010x0,3,0.10803798607009857,OXA-48,ic50,CAZtraj2
p156,1010x1,4,0.09231426131890733,OXA-48,ic50,CAZtraj2
p156,1011x0,4,0.2533029122404016,OXA-48,ic50,CAZtraj2
p156,1011x1,5,0.3220881077575696,OXA-48,ic50,CAZtraj2
p156,1100x0,3,0.40866387406381066,OXA-48,ic50,CAZtraj2
p156,1100x1,4,0.5267434602779313,OXA-48,ic50,CAZtraj2
p156,1101x0,4,0.47424512181120076,OXA-48,ic50,CAZtraj2
p156,1101x1,5,0.6776069527204931,OXA-48,ic50,CAZtraj2
p156,1110x0,4,0.2691408512504996,OXA-48,ic50,CAZtraj2
p156,1110x1,5,0.4738230453486941,OXA-48,ic50,CAZtraj2
p156,1111x0,5,0.30057356421692083,OXA-48,ic50,CAZtraj2
p156,1111x1,6,0.23031653470390512,OXA-48,ic50,CAZtraj2
p243,00000x,1,0.07918124604762482,OXA-48,ic50,CAZtraj2
p243,00001x,2,0.421885342387148,OXA-48,ic50,CAZtraj2
p243,00010x,2,0.04354958299941246,OXA-48,ic50,CAZtraj2
p243,00011x,3,0.6372244083912133,OXA-48,ic50,CAZtraj2
p243,00100x,2,0.4268434445154157,OXA-48,ic50,CAZtraj2
p243,00101x,3,0.3602244200556657,OXA-48,ic50,CAZtraj2
p243,00110x,3,0.8595094156855432,OXA-48,ic50,CAZtraj2
p243,00111x,4,0.48784512011143555,OXA-48,ic50,CAZtraj2
p243,01000x,2,0.27153653380546394,OXA-48,ic50,CAZtraj2
p243,01001x,3,0.42984365591505774,OXA-48,ic50,CAZtraj2
p243,01010x,3,0.18929007011263693,OXA-48,ic50,CAZtraj2
p243,01011x,4,0.5958522679736178,OXA-48,ic50,CAZtraj2
p243,01100x,3,0.799678861319818,OXA-48,ic50,CAZtraj2
p243,01101x,4,0.749006292875969,OXA-48,ic50,CAZtraj2
p243,01110x,4,0.8071805980614034,OXA-48,ic50,CAZtraj2
p243,01111x,5,0.44171893325062483,OXA-48,ic50,CAZtraj2
p243,10000x,2,0.08910031137959248,OXA-48,ic50,CAZtraj2
p243,10001x,3,0.04717907769546932,OXA-48,ic50,CAZtraj2
p243,10010x,3,0.0741851985545325,OXA-48,ic50,CAZtraj2
p243,10011x,4,0.42567035061718883,OXA-48,ic50,CAZtraj2
p243,10100x,3,-0.060366444319291716,OXA-48,ic50,CAZtraj2
p243,10101x,4,-0.07609016907048297,OXA-48,ic50,CAZtraj2
p243,10110x,4,0.33046886705270084,OXA-48,ic50,CAZtraj2
p243,10111x,5,0.39925406256986884,OXA-48,ic50,CAZtraj2
p243,11000x,3,0.20363500830971154,OXA-48,ic50,CAZtraj2
p243,11001x,4,0.32171459452383216,OXA-48,ic50,CAZtraj2
p243,11010x,4,0.17176988527303866,OXA-48,ic50,CAZtraj2
p243,11011x,5,0.375131716182331,OXA-48,ic50,CAZtraj2
p243,11100x,4,0.5203733785520657,OXA-48,ic50,CAZtraj2
p243,11101x,5,0.7250555726502602,OXA-48,ic50,CAZtraj2
p243,11110x,5,0.6079503562872808,OXA-48,ic50,CAZtraj2
p243,11111x,6,0.5376933267742651,OXA-48,ic50,CAZtraj2
