p41,p215,p219,p222,p224,p225,p227,numbers,genotype,observed effect,epistatic effect,average effect,WT effect,cv,mutations,2 step,3 step,4 step,5 step,6 step,final step
-1,-1,-1,-1,-1,-1,-1,0000000,SHTKSRF,0,0.009595417584875768,-0.17474190066177414,0,NA,0,0,0,0,0,0,0
-1,-1,-1,-1,-1,-1,1,0000001,SHTKSRG,-0.022276394711152253,-0.03189742054325779,-0.04254513061180648,-0.022276394711152253,NA,1,-0.022276394711152253,-0.022276394711152253,-0.022276394711152253,-0.022276394711152253,-0.022276394711152253,-0.022276394711152253
-1,-1,-1,-1,-1,1,-1,0000010,SHTKSVF,0.47856649559384334,0.46918364873171664,0.4454400723267991,0.47856649559384334,NA,1,0.47856649559384334,0.47856649559384334,0.47856649559384334,0.47856649559384334,0.47856649559384334,0.47856649559384334
-1,-1,-1,-1,-1,1,1,0000011,SHTKSVG,0.6599162000698503,0.6698202044200442,0.5776368423767668,0.45629010088269106,NA,2,0.6599162000698503,0.6599162000698503,0.6599162000698503,0.6599162000698503,0.6599162000698503,0.6599162000698503
-1,-1,-1,-1,1,-1,-1,0000100,SHTKRRF,-0.0520763801682736,-0.061624239048263266,-0.19141099814107937,-0.0520763801682736,NA,1,-0.0520763801682736,-0.0520763801682736,-0.0520763801682736,-0.0520763801682736,-0.0520763801682736,-0.0520763801682736
-1,-1,-1,-1,1,-1,1,0000101,SHTKRRG,-0.05158703422139897,-0.04178187010861008,-0.05921422809111171,-0.07435277487942585,NA,2,-0.05158703422139896,-0.05158703422139896,-0.05158703422139896,-0.05158703422139896,-0.05158703422139896,-0.05158703422139896
-1,-1,-1,-1,1,1,-1,0000110,SHTKRVF,0.5185139398778874,0.5278284177119255,0.4287709748474939,0.42649011542556975,NA,2,0.5185139398778874,0.5185139398778874,0.5185139398778874,0.5185139398778874,0.5185139398778874,0.5185139398778874
-1,-1,-1,-1,1,1,1,0000111,SHTKRVG,0.3074960379132129,0.29834091427964954,0.5609677448974615,0.4042137207144175,NA,3,0.7226293850119214,0.307496037913213,0.307496037913213,0.307496037913213,0.307496037913213,0.307496037913213
-1,-1,-1,1,-1,-1,-1,0001000,SHTVSRF,0.00860017176191757,-0.0018461799215169442,-0.12386433847312756,0.00860017176191757,NA,1,0.00860017176191757,0.00860017176191757,0.00860017176191757,0.00860017176191757,0.00860017176191757,0.00860017176191757
-1,-1,-1,1,-1,-1,1,0001001,SHTVSRG,0.12385164096708581,0.1336281261331431,0.008332431576840105,-0.013676222949234684,NA,2,0.12385164096708579,0.12385164096708579,0.12385164096708579,0.12385164096708579,0.12385164096708579,0.12385164096708579
-1,-1,-1,1,-1,1,-1,0001010,SHTVSVF,0.4742162640762552,0.48383988715720955,0.4963176345154457,0.4871666673557609,NA,2,0.4742162640762553,0.4742162640762553,0.4742162640762553,0.4742162640762553,0.4742162640762553,0.4742162640762553
-1,-1,-1,1,-1,1,1,0001011,SHTVSVG,0.7323937598229685,0.7224091579324964,0.6285144045654134,0.4648902726446087,NA,3,0.7930938324685828,0.7323937598229685,0.7323937598229685,0.7323937598229685,0.7323937598229685,0.7323937598229685
-1,-1,-1,1,1,-1,-1,0001100,SHTVRRF,-0.03479829897408793,-0.025030059284876824,-0.14053343595243278,-0.043476208406356034,NA,2,-0.034798298974087934,-0.034798298974087934,-0.034798298974087934,-0.034798298974087934,-0.034798298974087934,-0.034798298974087934
-1,-1,-1,1,1,-1,1,0001101,SHTVRRG,-0.01908806222315645,-0.028845834600984478,-0.008336665902465124,-0.06575260311750829,NA,3,0.10321891088910717,-0.019088062223156496,-0.019088062223156496,-0.019088062223156496,-0.019088062223156496,-0.019088062223156496
-1,-1,-1,1,1,1,-1,0001110,SHTVRVF,0.5693739096150459,0.5592587571685247,0.47964853703614047,0.4350902871874873,NA,3,0.5228416177925674,0.5693739096150459,0.5693739096150459,0.5693739096150459,0.5693739096150459,0.5693739096150459
-1,-1,-1,1,1,1,1,0001111,SHTVRVG,0.7458551951737289,0.7554955425981512,0.6118453070861081,0.41281389247633504,NA,4,0.8644849268429219,0.31287682580881393,0.7458551951737289,0.7458551951737289,0.7458551951737289,0.7458551951737289
-1,-1,1,-1,-1,-1,-1,0010000,SHYKSRF,-0.003926345514724675,-0.013736300403132432,-0.09201090609727475,-0.003926345514724675,NA,1,-0.003926345514724675,-0.003926345514724675,-0.003926345514724675,-0.003926345514724675,-0.003926345514724675,-0.003926345514724675
-1,-1,1,-1,-1,-1,1,0010001,SHYKSRG,0,0.011109046985002105,0.04018586395269291,-0.026202740225876927,NA,2,1.3877787807814457e-17,1.3877787807814457e-17,1.3877787807814457e-17,1.3877787807814457e-17,1.3877787807814457e-17,1.3877787807814457e-17
-1,-1,1,-1,-1,1,-1,0010010,SHYKSVF,0.45331834004703764,0.4630742132326989,0.5281710668912984,0.4746401500791187,NA,2,0.4533183400470377,0.4533183400470377,0.4533183400470377,0.4533183400470377,0.4533183400470377,0.4533183400470377
-1,-1,1,-1,-1,1,1,0010011,SHYKSVG,0.5158738437116791,0.5065109194877516,0.6603678369412662,0.45236375536796647,NA,3,0.6608707847489217,0.5158738437116792,0.5158738437116792,0.5158738437116792,0.5158738437116792,0.5158738437116792
-1,-1,1,-1,1,-1,-1,0010100,SHYKRRF,-0.027334407733889104,-0.0177910833103136,-0.10868000357657998,-0.05600272568299828,NA,2,-0.027334407733889145,-0.027334407733889145,-0.027334407733889145,-0.027334407733889145,-0.027334407733889145,-0.027334407733889145
-1,-1,1,-1,1,-1,1,0010101,SHYKRRG,-0.01908806222315645,-0.02884583460098443,0.023516766473387685,-0.07827912039415053,NA,3,-6.423215611375543e-4,-0.019088062223156434,-0.019088062223156434,-0.019088062223156434,-0.019088062223156434,-0.019088062223156434
-1,-1,1,-1,1,1,-1,0010110,SHYKRVF,0.7937903846908186,0.7845382603116219,0.5115019694119933,0.42256376991084504,NA,3,0.5219341022801909,0.7937903846908188,0.7937903846908188,0.7937903846908188,0.7937903846908188,0.7937903846908188
-1,-1,1,-1,1,1,1,0010111,SHYKRVG,0.5224442335063199,0.5320584091324688,0.6436987394619609,0.4002873751996928,NA,4,0.7522522876401018,0.44553254125276,0.5224442335063202,0.5224442335063202,0.5224442335063202,0.5224442335063202
-1,-1,1,1,-1,-1,-1,0011000,SHYVSRF,0.05307844348341968,0.06254505396722831,-0.04113334390862816,0.0046738262471928945,NA,2,0.05307844348341964,0.05307844348341964,0.05307844348341964,0.05307844348341964,0.05307844348341964,0.05307844348341964
-1,-1,1,1,-1,-1,1,0011001,SHYVSRG,0.15836249209524964,0.14894867378688315,0.0910634261413395,-0.01760256846395936,NA,3,0.19453265291446478,0.1583624920952496,0.1583624920952496,0.1583624920952496,0.1583624920952496,0.1583624920952496
-1,-1,1,1,-1,1,-1,0011010,SHYVSVF,0.4927603890268375,0.4826086987327072,0.579048629079945,0.4832403218410362,NA,3,0.4973727257656763,0.4927603890268375,0.4927603890268375,0.4927603890268375,0.4927603890268375,0.4927603890268375
-1,-1,1,1,-1,1,1,0011011,SHYVSVG,0.7481880270062004,0.7577347912760454,0.7112453991299128,0.460963927129884,NA,4,0.8424530343838806,0.5959735231429698,0.7481880270062001,0.7481880270062001,0.7481880270062001,0.7481880270062001
-1,-1,1,1,1,-1,-1,0011100,SHYVRRF,0.045322978786657475,0.03739522368280648,-0.05780244138793339,-0.047402553921080705,NA,3,0.03834829069652327,0.045322978786657496,0.045322978786657496,0.045322978786657496,0.045322978786657496,0.045322978786657496
-1,-1,1,1,1,-1,1,0011101,SHYVRRG,0.02530586526477026,0.03595018438534262,0.07439432866203427,-0.06967894863223295,NA,4,0.20256824078559532,0.03262005428223182,0.025305865264770296,0.025305865264770296,0.025305865264770296,0.025305865264770296
-1,-1,1,1,1,1,-1,0011110,SHYVRVF,0.7092699609758307,0.7192051119199333,0.5623795316006399,0.4311639416727626,NA,4,0.5746663974310976,0.8954173230154994,0.7092699609758307,0.7092699609758307,0.7092699609758307,0.7092699609758307
-1,-1,1,1,1,1,1,0011111,SHYVRVG,0.9201233262907239,0.9106343946743137,0.6945763016506075,0.40888754696161034,NA,5,0.9425124467073289,0.46551013691666776,0.9341531513412431,0.920123326290724,0.920123326290724,0.920123326290724
-1,1,-1,-1,-1,-1,-1,0100000,SCTKSRF,-0.02090709936167361,-0.030325295982536464,-0.22947102657691418,-0.02090709936167361,NA,1,-0.02090709936167361,-0.02090709936167361,-0.02090709936167361,-0.02090709936167361,-0.02090709936167361,-0.02090709936167361
-1,1,-1,-1,-1,-1,1,0100001,SCTKSRG,0.07188200730612536,0.08121450047554618,-0.09727425652694652,-0.04318349407282586,NA,2,0.0718820073061254,0.0718820073061254,0.0718820073061254,0.0718820073061254,0.0718820073061254,0.0718820073061254
-1,1,-1,-1,-1,1,-1,0100010,SCTKSVF,-0.05354773498692691,-0.04405311735957097,0.3907109464116591,0.4576593962321697,NA,2,-0.05354773498692694,-0.05354773498692694,-0.05354773498692694,-0.05354773498692694,-0.05354773498692694,-0.05354773498692694
-1,1,-1,-1,-1,1,1,0100011,SCTKSVG,0.48144262850230496,0.4714398450451201,0.5229077164616267,0.4353830015210175,NA,3,0.24286747086803134,0.481442628502305,0.481442628502305,0.481442628502305,0.481442628502305,0.481442628502305
-1,1,-1,-1,1,-1,-1,0100100,SCTKRRF,-0.04817696468408802,-0.03841929940101632,-0.2461401240562194,-0.072983479529947215,NA,2,-0.048176964684088025,-0.048176964684088025,-0.048176964684088025,-0.048176964684088025,-0.048176964684088025,-0.048176964684088025
-1,1,-1,-1,1,-1,1,0100101,SCTKRRG,-0.04239271293990473,-0.05199908680832535,-0.11394335400625175,-0.09525987424109947,NA,3,0.06737788264173787,-0.042392712939904695,-0.042392712939904695,-0.042392712939904695,-0.042392712939904695,-0.042392712939904695
-1,1,-1,-1,1,1,-1,0100110,SCTKRVF,-0.0291883891274822,-0.03884859023906548,0.37404184893235387,0.40558301606389613,NA,3,0.011206224142976312,-0.029188389127482166,-0.029188389127482166,-0.029188389127482166,-0.029188389127482166,-0.029188389127482166
-1,1,-1,-1,1,1,1,0100111,SCTKRVG,0.5987905067631151,0.608276409856698,0.5062386189823216,0.38330662135274385,NA,4,0.33038717065596146,0.003663772339425664,0.5987905067631152,0.5987905067631152,0.5987905067631152,0.5987905067631152
-1,1,-1,1,-1,-1,-1,0101000,SCTVSRF,-0.021363051615525673,-0.011742894719980182,-0.1785934643882676,-0.01230692759975604,NA,2,-0.021363051615525673,-0.021363051615525673,-0.021363051615525673,-0.021363051615525673,-0.021363051615525673,-0.021363051615525673
-1,1,-1,1,-1,-1,1,0101001,SCTVSRG,0.08990511143939793,0.0795454804132994,-0.04639669433829993,-0.03458332231090829,NA,3,0.2089539189685938,0.08990511143939796,0.08990511143939796,0.08990511143939796,0.08990511143939796,0.08990511143939796
-1,1,-1,1,-1,1,-1,0101010,SCTVSVF,-0.056011124926228104,-0.06552831624964375,0.4415885086003057,0.4662595679940873,NA,3,-0.06695409052028463,-0.05601112492622807,-0.05601112492622807,-0.05601112492622807,-0.05601112492622807,-0.05601112492622807
-1,1,-1,1,-1,1,1,0101011,SCTVSVG,0.39093510710337914,0.4000187904762407,0.5737852786502733,0.443983173282935,NA,4,0.36698897925099405,0.43675822230451417,0.3909351071033792,0.3909351071033792,0.3909351071033792,0.3909351071033792
-1,1,-1,1,1,-1,-1,0101100,SCTVRRF,-0.038578905933551705,-0.048009071359388256,-0.19526256186757282,-0.06438330776802964,NA,3,-0.039955007505671984,-0.03857890593355173,-0.03857890593355173,-0.03857890593355173,-0.03857890593355173,-0.03857890593355173
-1,1,-1,1,1,-1,1,0101101,SCTVRRG,-0.02090709936167361,-0.011134460812782463,-0.06306579181760516,-0.0866597024791819,NA,4,0.21312770373647438,-0.13662257091450744,-0.020907099361673606,-0.020907099361673606,-0.020907099361673606,-0.020907099361673606
-1,1,-1,1,1,1,-1,0101110,SCTVRVF,-0.04383156952463668,-0.03418467459706874,0.42491941112100046,0.4141831878258137,NA,4,0.006477778041886664,0.02493452376008346,-0.04383156952463666,-0.04383156952463666,-0.04383156952463666,-0.04383156952463666
-1,1,-1,1,1,1,1,0101111,SCTVRVG,0.37106786227173627,0.3606224868903904,0.5571161811709682,0.3919067931146615,NA,5,0.4631865884711924,-0.10674130414376187,0.9224900627118214,0.3710678622717365,0.3710678622717365,0.3710678622717365
-1,1,1,-1,-1,-1,-1,0110000,SCYKSRF,-0.004364805402450088,0.005019410503505175,-0.14674003201241478,-0.024833444876398283,NA,2,-0.004364805402450052,-0.004364805402450052,-0.004364805402450052,-0.004364805402450052,-0.004364805402450052,-0.004364805402450052
-1,1,1,-1,-1,-1,1,0110001,SCYKSRG,-0.0034883278458213473,-0.013299518519844036,-0.014543261962447124,-0.04710983958755054,NA,3,0.11462704149122589,-0.0034883278458213984,-0.0034883278458213984,-0.0034883278458213984,-0.0034883278458213984,-0.0034883278458213984
-1,1,1,-1,-1,1,-1,0110010,SCYKSVF,0.012837224705172217,0.0013792177918033523,0.4734419409761585,0.4537330507174451,NA,3,-0.05832725105978437,0.012837224705172276,0.012837224705172276,0.012837224705172276,0.012837224705172276,0.012837224705172276
-1,1,1,-1,-1,1,1,0110011,SCYKSVG,0.5514499979728752,0.5607916883039459,0.6056387110261261,0.4314566560062928,NA,4,0.2642906950210508,0.31091801804599123,0.5514499979728751,0.5514499979728751,0.5514499979728751,0.5514499979728751
-1,1,1,-1,1,-1,-1,0110100,SCYKRRF,-0.03668448861388872,-0.046435510167979435,-0.16340912949172,-0.07690982504467189,NA,3,-0.002966352775755337,-0.03668448861388876,-0.03668448861388876,-0.03668448861388876,-0.03668448861388876,-0.03668448861388876
-1,1,1,-1,1,-1,1,0110101,SCYKRRG,-0.028724151261894745,-0.019005149514477154,-0.031212359441752352,-0.09918621975582415,NA,4,0.13879123477594751,-0.14125860664289466,-0.02872415126189473,-0.02872415126189473,-0.02872415126189473,-0.02872415126189473
-1,1,1,-1,1,1,-1,0110110,SCYKRVF,0.436162647040756,0.4465284974487627,0.45677284349685326,0.4016566705491714,NA,4,0.03509502601922802,0.3040030350862206,0.43616264704075614,0.43616264704075614,0.43616264704075614,0.43616264704075614
-1,1,1,-1,1,1,1,0110111,SCYKRVG,0.8182258936139555,0.8087457741303808,0.588969613546821,0.37938027583801914,NA,5,0.3804787127580901,0.08149988574269668,1.2387643596823659,0.8182258936139557,0.8182258936139557,0.8182258936139557
-1,1,1,1,-1,-1,-1,0111000,SCYVSRF,-0.022276394711152253,-0.03165762928025136,-0.09586246982376823,-0.016233273114480716,NA,3,0.043583859579924625,-0.022276394711152323,-0.022276394711152323,-0.022276394711152323,-0.022276394711152323,-0.022276394711152323
-1,1,1,1,-1,-1,1,0111001,SCYVSRG,0.05307844348341968,0.06254505396722848,0.036334300226199434,-0.03850966782563297,NA,4,0.300103570389921,-0.03909102158661424,0.0530784434834197,0.0530784434834197,0.0530784434834197,0.0530784434834197
-1,1,1,1,-1,1,-1,0111010,SCYVSVF,-0.01908806222315645,-0.0096549994312308,0.5243195031648049,0.46233322247936265,NA,4,-0.023328989356915318,-0.011694139027817886,-0.019088062223156402,-0.019088062223156402,-0.019088062223156402,-0.019088062223156402
-1,1,1,1,-1,1,1,0111011,SCYVSVG,0.5428254269591799,0.5335483861278408,0.6565162732147727,0.4400568277682104,NA,5,0.4368168206402403,0.20799547723529627,0.6396943876989709,0.5428254269591798,0.5428254269591798,0.5428254269591798
-1,1,1,1,1,-1,-1,0111100,SCYVRRF,-0.022276394711152253,-0.01246679411049763,-0.11253156730307345,-0.06830965328275432,NA,4,0.053660221638887444,-0.03756737882806845,-0.022276394711152156,-0.022276394711152156,-0.022276394711152156,-0.022276394711152156
-1,1,1,1,1,-1,1,0111101,SCYVRRG,-0.0061230850587887945,-0.01589531594342145,0.019665202746894206,-0.09058604799390657,NA,5,0.33294567310691076,-0.28213957440142856,0.046256612701893934,-0.006123085058788703,-0.006123085058788703,-0.006123085058788703
-1,1,1,1,1,1,-1,0111110,SCYVRVF,0.4471580313422192,0.4368336400339747,0.5076504056854998,0.41025684231108905,NA,5,0.07877119715436512,0.3430326622702315,0.22817587982195608,0.44715803134221926,0.44715803134221926,0.44715803134221926
-1,1,1,1,1,1,1,0111111,SCYVRVG,0.7092699609758307,0.7192051119199333,0.6398471757354676,0.3879804475999368,NA,6,0.5616827478095476,-0.08016863726326101,1.5700199479060135,0.6537629493667888,0.7092699609758305,0.7092699609758305
1,-1,-1,-1,-1,-1,-1,1000000,YHTKSRF,0.021189299069938092,0.013221153543572044,0.0667514543154249,0.021189299069938092,NA,1,0.021189299069938092,0.021189299069938092,0.021189299069938092,0.021189299069938092,0.021189299069938092,0.021189299069938092
1,-1,-1,-1,-1,-1,1,1000001,YHTKSRG,-0.05848856736559697,-0.049137153107482914,0.19894822436539256,-0.0010870956412141614,NA,2,-0.05848856736559697,-0.05848856736559697,-0.05848856736559697,-0.05848856736559697,-0.05848856736559697,-0.05848856736559697
1,-1,-1,-1,-1,1,-1,1000010,YHTKSVF,0.7528164311882715,0.7621493635582904,0.6869334273039982,0.49975579466378145,NA,2,0.7528164311882715,0.7528164311882715,0.7528164311882715,0.7528164311882715,0.7528164311882715,0.7528164311882715
1,-1,-1,-1,-1,1,1,1000011,YHTKSVG,0.8280150642239769,0.8185634726262384,0.81913019735396575,0.4774793999526292,NA,3,0.8767646639398956,0.8280150642239769,0.8280150642239769,0.8280150642239769,0.8280150642239769,0.8280150642239769
1,-1,-1,-1,1,-1,-1,1000100,YHTKRRF,-0.04191415147891488,-0.032309868144364755,0.05008235683611967,-0.03088708109833551,NA,2,-0.04191415147891485,-0.04191415147891485,-0.04191415147891485,-0.04191415147891485,-0.04191415147891485,-0.04191415147891485
1,-1,-1,-1,1,-1,1,1000101,YHTKRRG,-0.005243055412371883,-0.01503669436262038,0.18227912688608733,-0.05316347580948776,NA,3,-0.09882627725642301,-0.0052430554123719525,-0.0052430554123719525,-0.0052430554123719525,-0.0052430554123719525,-0.0052430554123719525
1,-1,-1,-1,1,1,-1,1000110,YHTKRVF,0.8061799739838872,0.7966416545825631,0.6702643298246929,0.44767941449550785,NA,3,0.7817368050917362,0.8061799739838872,0.8061799739838872,0.8061799739838872,0.8061799739838872,0.8061799739838872
1,-1,-1,-1,1,1,1,1000111,YHTKRVG,0.8419848045901139,0.8517360803500699,0.8024610998746606,0.4254030197843556,NA,4,0.9284507785013874,0.5825942224229622,0.8419848045901139,0.8419848045901139,0.8419848045901139,0.8419848045901139
1,-1,-1,1,-1,-1,-1,1001000,YHTVSRF,0.09691001300805642,0.10779634074681917,0.11762901650407148,0.02978947083185566,NA,2,0.09691001300805646,0.09691001300805646,0.09691001300805646,0.09691001300805646,0.09691001300805646,0.09691001300805646
1,-1,-1,1,-1,-1,1,1001001,YHTVSRG,0.28103336724772754,0.27190820573433017,0.24982578655403914,0.007513076120703406,NA,3,0.15476001048884186,0.2810333672477275,0.2810333672477275,0.2810333672477275,0.2810333672477275,0.2810333672477275
1,-1,-1,1,-1,1,-1,1001010,YHTVSVF,0.8305886686851442,0.8207450589192621,0.7378109894926448,0.508355966425699,NA,3,0.8155867418468841,0.8305886686851442,0.8305886686851442,0.8305886686851442,0.8305886686851442,0.8305886686851442
1,-1,-1,1,-1,1,1,1001011,YHTVSVG,0.6637009253896482,0.6728639035672476,0.8700077595426123,0.48607957171454674,NA,4,1.0770628385148286,1.1088884497504417,0.6637009253896483,0.6637009253896483,0.6637009253896483,0.6637009253896483
1,-1,-1,1,1,-1,-1,1001100,YHTVRRF,-0.0510982390297863,-0.06060861308743216,0.10095991902476625,-0.022286909336417943,NA,3,0.042484471891471635,-0.05109823902978627,-0.05109823902978627,-0.05109823902978627,-0.05109823902978627,-0.05109823902978627
1,-1,-1,1,1,-1,1,1001101,YHTVRRG,0.004321373782642578,0.0141907781824766,0.2331566890747339,-0.044563304047570196,NA,4,0.12310021003028393,0.127067104599699,0.004321373782642607,0.004321373782642607,0.004321373782642607,0.004321373782642607
1,-1,-1,1,1,1,-1,1001110,YHTVRVF,0.8656960599160706,0.8755443134315176,0.7211418920133394,0.4562795862574254,NA,4,0.8531850251826169,0.8455797018142486,0.8656960599160703,0.8656960599160703,0.8656960599160703,0.8656960599160703
1,-1,-1,1,1,1,1,1001111,YHTVRVG,0.8767949762007006,0.8670189156568547,0.8533386620633072,0.4340031915462731,NA,5,1.1374268625085884,0.702788125170652,0.8473401796266908,0.8767949762007008,0.8767949762007008,0.8767949762007008
1,-1,1,-1,-1,-1,-1,1010000,YHYKSRF,0.02530586526477026,0.03417262732096332,0.14948244887992435,0.017262953555213418,NA,2,0.02530586526477021,0.02530586526477021,0.02530586526477021,0.02530586526477021,0.02530586526477021,0.02530586526477021
1,-1,1,-1,-1,-1,1,1010001,YHYKSRG,0.1931245983544616,0.18481688144138092,0.281679218929892,-0.005013441155938835,NA,3,-0.02816926094488791,0.1931245983544616,0.1931245983544616,0.1931245983544616,0.1931245983544616,0.1931245983544616
1,-1,1,-1,-1,1,-1,1010010,YHYKSVF,0.9041743682841635,0.8946810978755856,0.7696644218684976,0.49582944914905674,NA,3,0.7356111873510225,0.9041743682841636,0.9041743682841636,0.9041743682841636,0.9041743682841636,0.9041743682841636
1,-1,1,-1,-1,1,1,1010011,YHYKSVG,0.9444826721501687,0.9539855798977547,0.9018611919184654,0.4735530544379045,NA,4,0.8857621603285236,1.0818726598078532,0.9444826721501689,0.9444826721501689,0.9444826721501689,0.9444826721501689
1,-1,1,-1,1,-1,-1,1010100,YHYKRRF,-0.03526907894637064,-0.044710736026044334,0.132813351400619,-0.03481342661306018,NA,3,-0.00912926733497359,-0.03526907894637059,-0.03526907894637059,-0.03526907894637059,-0.03526907894637059,-0.03526907894637059
1,-1,1,-1,1,-1,1,1010101,YHYKRRG,0.00860017176191757,0.01734465524823668,0.26501012145058667,-0.057089821324212434,NA,4,-0.03983865288660482,0.23045287598337988,0.008600171761917491,0.008600171761917491,0.008600171761917491,0.008600171761917491
1,-1,1,-1,1,1,-1,1010110,YHYKRVF,0.7259116322950482,0.7355706329529844,0.7529953243891923,0.44375306898078315,NA,4,0.7931998792035965,1.2319226998281194,0.7259116322950483,0.7259116322950483,0.7259116322950483,0.7259116322950483
1,-1,1,-1,1,1,1,1010111,YHYKRVG,0.9595183769729982,0.9500171257650311,0.88519209443916,0.42147667426963087,NA,5,0.9661165928391245,1.09239086609316,0.5634393811016541,0.9595183769729988,0.9595183769729988,0.9595183769729988
1,-1,1,1,-1,-1,-1,1011000,YHYVSRF,0.07554696139253074,0.06416808759565859,0.20036001106857093,0.02586312531713099,NA,3,0.14943119643911534,0.07554696139253082,0.07554696139253082,0.07554696139253082,0.07554696139253082,0.07554696139253082
1,-1,1,1,-1,-1,1,1011001,YHYVSRG,0.2966651902615311,0.30697912211218503,0.3325567811185386,0.0035867306059787357,NA,4,0.23348393414577767,0.4709967543382131,0.29666519026153104,0.29666519026153104,0.29666519026153104,0.29666519026153104
1,-1,1,1,-1,1,-1,1011010,YHYVSVF,0.8727388274726688,0.8825853802652724,0.8205419840571442,0.5044296209109743,NA,4,0.846786115245862,0.9518546512318401,0.8727388274726691,0.8727388274726691,0.8727388274726691,0.8727388274726691
1,-1,1,1,-1,1,1,1011011,YHYVSVG,0.927883410330707,0.9183011236783379,0.952738754107112,0.48215322619982204,NA,5,1.1344649521396835,1.2964839299659063,0.6126735339748058,0.9278834103307073,0.9278834103307073,0.9278834103307073
1,-1,1,1,1,-1,-1,1011100,YHYVRRF,-0.045757490560675115,-0.03596349384539037,0.1836909135892656,-0.026213254851142613,NA,4,0.12367397327163963,-0.06295809621746555,-0.04575749056067506,-0.04575749056067506,-0.04575749056067506,-0.04575749056067506
1,-1,1,1,1,-1,1,1011101,YHYVRRG,0.04921802267018165,0.03936633634199922,0.31588768363923325,-0.048489649562294866,NA,5,0.23049245163632887,0.3080879454560121,-0.20095563701985975,0.049218022670181605,0.049218022670181605,0.049218022670181605
1,-1,1,1,1,1,-1,1011110,YHYVRVF,0.973589623427257,0.9639028315854427,0.8038728865778388,0.4523532407427007,NA,5,0.913052716530704,1.2482051611994187,0.51424787162612,0.973589623427257,0.973589623427257,0.973589623427257
1,-1,1,1,1,1,1,1011111,YHYVRVG,0.9420080530223133,0.9516697930356942,0.9360696566278066,0.4300768460315485,NA,6,1.2234972940825526,1.1532973415625725,0.23201349948699115,1.6682427547289065,0.9420080530223142,0.9420080530223142
1,1,-1,-1,-1,-1,-1,1100000,YCTKSRF,0.037426497940623665,0.04696436156633421,0.012022328400284887,2.821997082644821e-4,NA,2,0.037426497940623665,0.037426497940623665,0.037426497940623665,0.037426497940623665,0.037426497940623665,0.037426497940623665
1,1,-1,-1,-1,-1,1,1100001,YCTKSRG,0.2355284469075489,0.22682850774823715,0.14421909845025255,-0.02199419500288777,NA,3,0.07281413288403987,0.2355284469075489,0.2355284469075489,0.2355284469075489,0.2355284469075489,0.2355284469075489
1,1,-1,-1,-1,1,-1,1100010,YCTKSVF,0.6344772701607315,0.6252552365992118,0.6322043013888581,0.47884869530210783,NA,3,0.2578464988398603,0.6344772701607315,0.6344772701607315,0.6344772701607315,0.6344772701607315,0.6344772701607315
1,1,-1,-1,-1,1,1,1100011,YCTKSVG,0.8937617620579434,0.9031726371453704,0.7644010714388259,0.45657230059095555,NA,4,0.49686023297043574,1.226030876233171,0.8937617620579437,0.8937617620579437,0.8937617620579437,0.8937617620579437
1,1,-1,-1,1,-1,-1,1100100,YCTKRRF,-0.030584087646018613,-0.04013346027921229,-0.004646769079020341,-0.05179418046000912,NA,3,-8.704377623700819e-4,-0.030584087646018627,-0.030584087646018627,-0.030584087646018627,-0.030584087646018627,-0.030584087646018627
1,1,-1,-1,1,-1,1,1100101,YCTKRRG,-0.025949097207122653,-0.01644062403653721,0.12755000097094732,-0.07407057517116138,NA,4,0.057282937839073,0.174096228241342,-0.02594909720712263,-0.02594909720712263,-0.02594909720712263,-0.02594909720712263
1,1,-1,-1,1,1,-1,1100110,YCTKRVF,0.791690649020118,0.801028604442276,0.615535203909553,0.42677231513383423,NA,4,0.3115733875891843,0.6425390646480996,0.7916906490201181,0.7916906490201181,0.7916906490201181,0.7916906490201181
1,1,-1,-1,1,1,1,1100111,YCTKRVG,0.8785217955012065,0.8690396628580327,0.7477319739595205,0.404495920422682,NA,5,0.5733528623777866,0.825537690542266,1.2968921518814338,0.8785217955012066,0.8785217955012066,0.8785217955012066
1,1,-1,1,-1,-1,-1,1101000,YCTVSRF,0.13987908640123647,0.12902896530623614,0.06289989058893147,0.008882371470182051,NA,3,0.10409108786297241,0.13987908640123642,0.13987908640123642,0.13987908640123642,0.13987908640123642,0.13987908640123642
1,1,-1,1,-1,-1,1,1101001,YCTVSRG,0.3521825181113625,0.36187710229937825,0.19509666063889913,-0.013394023240970202,NA,4,0.27700658672270906,0.48273344851417194,0.3521825181113625,0.3521825181113625,0.3521825181113625,0.3521825181113625
1,1,-1,1,-1,1,-1,1101010,YCTVSVF,0.69810054562339,0.7072692631755958,0.6830818635775047,0.4874488670640254,NA,4,0.3115606854827034,0.7499243477741554,0.69810054562339,0.69810054562339,0.69810054562339,0.69810054562339
1,1,-1,1,-1,1,1,1101011,YCTVSVG,0.9106244048892013,0.9010626941194032,0.8152786336274724,0.4651724723528732,NA,5,0.6881022835295993,1.425530294346991,0.4198758080562603,0.9106244048892014,0.9106244048892014,0.9106244048892014
1,1,-1,1,1,-1,-1,1101100,YCTVRRF,-0.027334407733889104,-0.017791083310313614,0.046230793109626245,-0.04319400869809155,NA,4,0.07447206159224676,-0.011660199102275415,-0.027334407733889142,-0.027334407733889142,-0.027334407733889142,-0.027334407733889142
1,1,-1,1,1,-1,1,1101101,YCTVRRG,-0.0061230850587887945,-0.01575267450321058,0.1784275631595939,-0.0654704034092438,NA,5,0.27015330111001035,0.21546555681883184,-0.13783516692827852,-0.006123085058788724,-0.006123085058788724,-0.006123085058788724
1,1,-1,1,1,1,-1,1101110,YCTVRVF,0.8135809885681919,0.8040071867320039,0.6664127660981995,0.4353724868957518,NA,5,0.3739654836642954,0.7209897341671322,0.7539935725738731,0.8135809885681917,0.8135809885681917,0.8135809885681917
1,1,-1,1,1,1,1,1101111,YCTVRVG,0.888179493918325,0.8978138676662822,0.7986095361481671,0.41309609218459953,NA,6,0.7732728223692182,0.8657337274494312,1.0253269829592764,0.7670373174097235,0.8881794939183252,0.8881794939183252
1,1,1,-1,-1,-1,-1,1110000,YCYKSRF,0.004321373782642578,-0.006549977920773149,0.09475332296478428,-0.0036441458064601926,NA,3,0.06201170360940402,0.004321373782642635,0.004321373782642635,0.004321373782642635,0.004321373782642635,0.004321373782642635
1,1,1,-1,-1,-1,1,1110001,YCYKSRG,0.3159703454569177,0.3254224378477741,0.22695009301475194,-0.025920540517612445,NA,4,0.12360207877869715,0.331804552937747,0.31597034545691777,0.31597034545691777,0.31597034545691777,0.31597034545691777
1,1,1,-1,-1,1,-1,1110010,YCYKSVF,0.7810369386211319,0.7907884447211851,0.7149352959533575,0.4749223497873831,NA,4,0.26110989447655975,0.8197779926687674,0.7810369386211321,0.7810369386211321,0.7810369386211321,0.7810369386211321
1,1,1,-1,-1,1,1,1110011,YCYKSVG,0.900913067737669,0.8915151436685068,0.8471320660033252,0.45264595507623084,NA,5,0.526326368833012,1.3957158878921432,1.1120135044576507,0.9009130677376688,0.9009130677376688,0.9009130677376688
1,1,1,-1,1,-1,-1,1110100,YCYKRRF,-0.039529222465701036,-0.029807858144867035,0.07808422548547905,-0.055720525974733794,NA,4,0.0523830858555194,-0.09487884130442095,-0.03952922246570116,-0.03952922246570116,-0.03952922246570116,-0.03952922246570116
1,1,1,-1,1,-1,1,1110101,YCYKRRG,0.045322978786657475,0.03739522368280672,0.2102809955354467,-0.07799692068588604,NA,5,0.13673920168283946,0.22073696410910001,-0.04911119882193654,0.04532297878665756,0.04532297878665756,0.04532297878665756
1,1,1,-1,1,1,-1,1110110,YCYKRVF,0.9537596917332288,0.9443980400322648,0.6982661984740524,0.42284596961910953,NA,5,0.34350510117499267,1.0685064400663418,0.860415133650909,0.9537596917332287,0.9537596917332287,0.9537596917332287
1,1,1,-1,1,1,1,1110111,YCYKRVG,0.9556877503135057,0.9650994387129557,0.8304629685240199,0.4005695749079573,NA,6,0.6314873161894721,1.2174436144494265,1.3864564132026111,0.9203048855962506,0.9556877503135065,0.9556877503135065
1,1,1,1,-1,-1,-1,1111000,YCYVSRF,0.012837224705172217,0.02057005296155784,0.14563088515343092,0.004956025955457377,NA,4,0.1770809107679795,0.015434090141820636,0.01283722470517221,0.01283722470517221,0.01283722470517221,0.01283722470517221
1,1,1,1,-1,-1,1,1111001,YCYVSRG,0.8095597146352678,0.799954119265614,0.2778276552033986,-0.017320368755694877,NA,5,0.3761991498535931,0.45149952162372026,0.22035541929678504,0.8095597146352679,0.8095597146352679,0.8095597146352679
1,1,1,1,-1,1,-1,1111010,YCYVSVF,0.9513375187959177,0.941847573607908,0.7658128581420041,0.4835225215493007,NA,5,0.36322869835562954,0.8392728614419179,0.6596013928523593,0.9513375187959182,0.9513375187959182,0.9513375187959182
1,1,1,1,-1,1,1,1111011,YCYVSVG,0.9493900066449128,0.9589919329580026,0.8980096281919718,0.4612461268381485,NA,6,0.7659730366284024,1.4630929363464749,0.48695097326190323,1.8658804702730147,0.9493900066449132,0.9493900066449132
1,1,1,1,1,-1,-1,1111100,YCYVRRF,-0.038578905933551705,-0.04800907135938816,0.12896178767412558,-0.047120354212816226,NA,5,0.176130202446363,-0.16032013677197826,-0.09075000222781383,-0.038578905933551705,-0.038578905933551705,-0.038578905933551705
1,1,1,1,1,-1,1,1111101,YCYVRRG,0.07918124604762482,0.0898720517338695,0.26115855772409324,-0.06939674892396848,NA,6,0.39801418219000345,0.14157094785607405,-0.34111417706065944,0.7242014359795281,0.07918124604762478,0.07918124604762478
1,1,1,1,1,1,-1,1111110,YCYVRVF,0.967547976218862,0.976928009511911,0.7491437606626987,0.4314461413810271,NA,6,0.45430181448633067,1.0579795888352355,0.49097815179740534,1.6661412514332647,0.967547976218862,0.967547976218862
1,1,1,1,1,1,1,1111111,YCYVRVG,0.9745116927373284,0.965123754648069,0.8813405307126665,0.4091697466698748,NA,7,0.8798118934171305,1.1324919697872373,0.8097193938931,2.517189030510068,-0.25711754713603235,0.9745116927373298
