p72,x0000,1,0.49554433754644844,MPH,catact,CdPTM
p72,x0001,2,0.010465433678164993,MPH,catact,CdPTM
p72,x0010,2,0.2663706931647245,MPH,catact,CdPTM
p72,x0011,3,0.11197375944393229,MPH,catact,CdPTM
p72,x0100,2,-0.16707923853658013,MPH,catact,CdPTM
p72,x0101,3,-0.43973714558214727,MPH,catact,CdPTM
p72,x0110,3,-0.030019221634487225,MPH,catact,CdPTM
p72,x0111,4,0.02822572722435346,MPH,catact,CdPTM
p72,x1000,2,0.31607792397664125,MPH,catact,CdPTM
p72,x1001,3,-0.2824335071723228,MPH,catact,CdPTM
p72,x1010,3,0.35891590077033086,MPH,catact,CdPTM
p72,x1011,4,0.34158183935547515,MPH,catact,CdPTM
p72,x1100,3,-0.14948167768582565,MPH,catact,CdPTM
p72,x1101,4,-0.11503729364570336,MPH,catact,CdPTM
p72,x1110,4,0.07081307805917392,MPH,catact,CdPTM
p72,x1111,5,0.3102903567831854,MPH,catact,CdPTM
p193,0x000,1,0.1931245983544616,MPH,catact,CdPTM
p193,0x001,2,0.2903061302722082,MPH,catact,CdPTM
p193,0x010,2,0.16272729749769976,MPH,catact,CdPTM
p193,0x011,3,0.18637643145413746,MPH,catact,CdPTM
p193,0x100,2,0.16664970282283953,MPH,catact,CdPTM
p193,0x101,3,0.22826927072075298,MPH,catact,CdPTM
p193,0x110,3,0.0727315352633533,MPH,catact,CdPTM
p193,0x111,4,0.3233063903751333,MPH,catact,CdPTM
p193,1x000,2,0.013658184784654415,MPH,catact,CdPTM
p193,1x001,3,-0.002592810578279592,MPH,catact,CdPTM
p193,1x010,3,0.2552725051033061,MPH,catact,CdPTM
p193,1x011,4,0.4159845113656803,MPH,catact,CdPTM
p193,1x100,3,0.184247263673594,MPH,catact,CdPTM
p193,1x101,4,0.5529691226571969,MPH,catact,CdPTM
p193,1x110,4,0.17356383495701444,MPH,catact,CdPTM
p193,1x111,5,0.6053710199339652,MPH,catact,CdPTM
p258,00x00,1,1.0934216851622351,MPH,catact,CdPTM
p258,00x01,2,1.059314001215982,MPH,catact,CdPTM
p258,00x10,2,0.49799709691427996,MPH,catact,CdPTM
p258,00x11,3,0.5564601680341863,MPH,catact,CdPTM
p258,01x00,2,1.066946789630613,MPH,catact,CdPTM
p258,01x01,3,0.9972771416645267,MPH,catact,CdPTM
p258,01x10,3,0.4080013346799335,MPH,catact,CdPTM
p258,01x11,4,0.6933901269551821,MPH,catact,CdPTM
p258,10x00,2,0.43079810907920657,MPH,catact,CdPTM
p258,10x01,3,0.6091114219556697,MPH,catact,CdPTM
p258,10x10,3,0.20160718211506823,MPH,catact,CdPTM
p258,10x11,4,0.4727121358146074,MPH,catact,CdPTM
p258,11x00,3,0.6013871879681462,MPH,catact,CdPTM
p258,11x01,4,1.1646733551911461,MPH,catact,CdPTM
p258,11x10,4,0.11989851196877654,MPH,catact,CdPTM
p258,11x11,5,0.6620986443828923,MPH,catact,CdPTM
p271,000x0,1,0.24551266781414982,MPH,catact,CdPTM
p271,000x1,2,-0.030152417230099038,MPH,catact,CdPTM
p271,001x0,2,-0.34991192043380537,MPH,catact,CdPTM
p271,001x1,3,-0.5330062504118948,MPH,catact,CdPTM
p271,010x0,2,0.21511536695738798,MPH,catact,CdPTM
p271,010x1,3,-0.13408211604816977,MPH,catact,CdPTM
p271,011x0,3,-0.4438300879932916,MPH,catact,CdPTM
p271,011x1,4,-0.4379691307575144,MPH,catact,CdPTM
p271,100x0,2,0.01633902343242588,MPH,catact,CdPTM
p271,100x1,3,0.07135590853566826,MPH,catact,CdPTM
p271,101x0,3,-0.21285190353171246,MPH,catact,CdPTM
p271,101x1,4,-0.06504337760539403,MPH,catact,CdPTM
p271,110x0,3,0.2579533437510776,MPH,catact,CdPTM
p271,110x1,4,0.48993323047962817,MPH,catact,CdPTM
p271,111x0,4,-0.22353533224829203,MPH,catact,CdPTM
p271,111x1,5,-0.012641480328625665,MPH,catact,CdPTM
p273,0000x,1,0.21484384804769785,MPH,catact,CdPTM
p273,0001x,2,-0.06082123699655101,MPH,catact,CdPTM
p273,0010x,2,0.18073616410144466,MPH,catact,CdPTM
p273,0011x,3,-0.0023581658766447244,MPH,catact,CdPTM
p273,0100x,2,0.31202537996544444,MPH,catact,CdPTM
p273,0101x,3,-0.037172103040113313,MPH,catact,CdPTM
p273,0110x,3,0.24235573199935811,MPH,catact,CdPTM
p273,0111x,4,0.2482166892351353,MPH,catact,CdPTM
p273,1000x,2,-0.2702350558205856,MPH,catact,CdPTM
p273,1001x,3,-0.21521817071734323,MPH,catact,CdPTM
p273,1010x,3,-0.09192174294412248,MPH,catact,CdPTM
p273,1011x,4,0.05588678298219596,MPH,catact,CdPTM
p273,1100x,3,-0.2864860511835196,MPH,catact,CdPTM
p273,1101x,4,-0.05450616445496903,MPH,catact,CdPTM
p273,1110x,4,0.2768001160394804,MPH,catact,CdPTM
p273,1111x,5,0.48769396795914677,MPH,catact,CdPTM
