p69,x000,1,-1.8446639625349381,TEM,growth,CAZ
p69,x001,2,-2.079964464441871,TEM,growth,CAZ
p69,x010,2,-1.014477823368623,TEM,growth,CAZ
p69,x011,3,-1.31084497795758,TEM,growth,CAZ
p69,x100,2,0.5875958159341761,TEM,growth,CAZ
p69,x101,3,-0.07938859600711545,TEM,growth,CAZ
p69,x110,3,-0.03137327163526815,TEM,growth,CAZ
p69,x111,4,2.3124809843466436,TEM,growth,CAZ
p104,0x00,1,-0.09205147838772766,TEM,growth,CAZ
p104,0x01,2,0.0997697894599755,TEM,growth,CAZ
p104,0x10,2,0.30598532468645584,TEM,growth,CAZ
p104,0x11,3,-2.43661173098811,TEM,growth,CAZ
p104,1x00,2,2.3402083000813865,TEM,growth,CAZ
p104,1x01,3,2.1003456578947315,TEM,growth,CAZ
p104,1x10,3,1.2890898764198107,TEM,growth,CAZ
p104,1x11,4,1.1867142313161136,TEM,growth,CAZ
p238,00x0,1,0.48429983934678583,TEM,growth,CAZ
p238,00x1,2,0.03143879313755449,TEM,growth,CAZ
p238,01x0,2,0.8823366424209693,TEM,growth,CAZ
p238,01x1,3,-2.504942727310531,TEM,growth,CAZ
p238,10x0,2,1.3144859785131011,TEM,growth,CAZ
p238,10x1,3,0.8005582796218458,TEM,growth,CAZ
p238,11x0,3,0.2633675548515251,TEM,growth,CAZ
p238,11x1,4,-0.11307314695677195,TEM,growth,CAZ
p276,000x,1,0.5224442335063199,TEM,growth,CAZ
p276,001x,2,0.06958318729708851,TEM,growth,CAZ
p276,010x,2,0.714265501354023,TEM,growth,CAZ
p276,011x,3,-2.6730138683774776,TEM,growth,CAZ
p276,100x,2,0.2871437315993868,TEM,growth,CAZ
p276,101x,3,-0.22678396729186856,TEM,growth,CAZ
p276,110x,3,0.04728108941273146,TEM,growth,CAZ
p276,111x,4,-0.32915961239556557,TEM,growth,CAZ
