p101,p166,p153,p322,p328,numbers,genotype,observed effect,epistatic effect,average effect,WT effect,cv,mutations,2 step,3 step,4 step,final step
-1,-1,-1,-1,-1,00000,DRDEK,0,0.06517047082677274,-1.585209295092782,0,NA,0,0,0,0,0
-1,-1,-1,-1,1,00001,DRDEA,-2.9244530386074694,-2.989623509434237,-2.8279827711151446,-2.9244530386074694,NA,1,-2.9244530386074694,-2.9244530386074694,-2.9244530386074694,-2.9244530386074694
-1,-1,-1,1,-1,00010,DRDYK,-4.943095148663527,-5.0082656194903,-5.611022077613824,-4.943095148663527,NA,1,-4.943095148663527,-4.943095148663527,-4.943095148663527,-4.943095148663527
-1,-1,-1,1,1,00011,DRDYA,-5.623423042943488,-5.558252572116722,-6.8537955536361865,-7.867548187270996,NA,2,-5.623423042943488,-5.623423042943488,-5.623423042943488,-5.623423042943488
-1,-1,1,-1,-1,00100,DRAEK,-2.3526170298853804,-2.4177875007121505,-1.5970588659148737,-2.3526170298853804,NA,1,-2.3526170298853804,-2.3526170298853804,-2.3526170298853804,-2.3526170298853804
-1,-1,1,-1,1,00101,DRAEA,-3.156144577376839,-3.090974106550073,-2.839832341937236,-5.27707006849285,NA,2,-3.156144577376839,-3.156144577376839,-3.156144577376839,-3.156144577376839
-1,-1,1,1,-1,00110,DRAYK,-5.437707135543525,-5.372536664716763,-5.622871648435916,-7.295712178548907,NA,2,-5.437707135543525,-5.437707135543525,-5.437707135543525,-5.437707135543525
-1,-1,1,1,1,00111,DRAYA,-6.294136287716081,-6.359306758542847,-6.865645124458278,-10.220165217156376,NA,3,-3.997109538707474,-6.29413628771608,-6.29413628771608,-6.29413628771608
-1,1,-1,-1,-1,01000,DSDEK,-3.7986028756795487,-3.8637733465063193,-3.6791503881548318,-3.7986028756795487,NA,1,-3.7986028756795487,-3.7986028756795487,-3.7986028756795487,-3.7986028756795487
-1,1,-1,-1,1,01001,DSDEA,-6.419075024324381,-6.353904553497613,-4.921923864177194,-6.723055914287018,NA,2,-6.419075024324381,-6.419075024324381,-6.419075024324381,-6.419075024324381
-1,1,-1,1,-1,01010,DSDYK,-8.5951662833800615,-8.529995812553294,-7.704963170675874,-8.741698024343076,NA,2,-8.5951662833800615,-8.5951662833800615,-8.5951662833800615,-8.5951662833800615
-1,1,-1,1,1,01011,DSDYA,-9.208309350979881,-9.273479821806646,-8.947736646698235,-11.666151062950545,NA,3,-8.971513287697384,-9.20830935097988,-9.20830935097988,-9.20830935097988
-1,1,1,-1,-1,01100,DSAEK,-4.686132779630847,-4.620962308804084,-3.6909999589769233,-6.151219905564929,NA,2,-4.686132779630847,-4.686132779630847,-4.686132779630847,-4.686132779630847
-1,1,1,-1,1,01101,DSAEA,-5.243363891754152,-5.308534362580917,-4.933773434999286,-9.075672944172398,NA,3,-5.185679437159668,-5.243363891754152,-5.243363891754152,-5.243363891754152
-1,1,1,1,-1,01110,DSAYK,-7.519993057042849,-7.585163527869619,-7.716812741497965,-11.094315054228456,NA,3,-7.624691144325976,-7.519993057042848,-7.519993057042848,-7.519993057042848
-1,1,1,1,1,01111,DSAYA,-8.156144577376839,-8.090974106550075,-8.959586217520327,-14.018768092835925,NA,4,-5.880112657527292,-8.36692183712975,-8.15614457737684,-8.15614457737684
1,-1,-1,-1,-1,10000,ARDEK,-1.8041003475907662,-1.8692708184175375,-2.776889765071142,-1.8041003475907662,NA,1,-1.8041003475907662,-1.8041003475907662,-1.8041003475907662,-1.8041003475907662
1,-1,-1,-1,1,10001,ARDEA,-4.35261702988538,-4.287446559058613,-4.019663241093505,-4.728553386198236,NA,2,-4.35261702988538,-4.35261702988538,-4.35261702988538,-4.35261702988538
1,-1,-1,1,-1,10010,ARDYK,-8.30803489723264,-8.242864426405871,-6.802702547592184,-6.747195496254293,NA,2,-8.30803489723264,-8.30803489723264,-8.30803489723264,-8.30803489723264
1,-1,-1,1,1,10011,ARDYA,-8.756961951313706,-8.822132422140475,-8.045476023614546,-9.671648534861763,NA,3,-8.612426435199744,-8.756961951313704,-8.756961951313704,-8.756961951313704
1,-1,1,-1,-1,10100,ARAEK,-3.2806687130162735,-3.215498242189507,-2.7887393358932338,-4.156717377476147,NA,2,-3.2806687130162735,-3.2806687130162735,-3.2806687130162735,-3.2806687130162735
1,-1,1,-1,1,10101,ARAEA,-3.721246399047171,-3.7864168698739378,-4.031512811915596,-7.081170416083616,NA,3,-3.7082599041948763,-3.7212463990471716,-3.7212463990471716,-3.7212463990471716
1,-1,1,1,-1,10110,ARAYK,-7.686132779630847,-7.751303250457618,-6.814552118414276,-9.099812526139674,NA,3,-7.9265982196527665,-7.686132779630848,-7.686132779630848,-7.686132779630848
1,-1,1,1,1,10111,ARAYA,-8.498940737782249,-8.433770266955484,-8.057325594436637,-12.024265564747143,NA,4,-6.1100642665038585,-8.324147586456801,-8.498940737782247,-8.498940737782247
1,1,-1,-1,-1,11000,ASDEK,-4.035740369803151,-3.9705698989763816,-4.870830858133192,-5.602703223270315,NA,2,-4.035740369803151,-4.035740369803151,-4.035740369803151,-4.035740369803151
1,1,-1,-1,1,11001,ASDEA,-6.35261702988538,-6.417787500712145,-6.113604334155554,-8.527156261877785,NA,3,-6.280276162135128,-6.35261702988538,-6.35261702988538,-6.35261702988538
1,1,-1,1,-1,11010,ASDYK,-8.175874166083451,-8.24104463691022,-8.896643640654235,-10.545798371933842,NA,3,-10.393143178482008,-8.17587416608345,-8.17587416608345,-8.17587416608345
1,1,-1,1,1,11011,ASDYA,-10.498940737782249,-10.433770266955426,-10.139417116676595,-13.47025141054131,NA,4,-10.393553826486478,-8.629957261234628,-10.498940737782249,-10.498940737782249
1,1,1,-1,-1,11100,ASAEK,-4.498940737782249,-4.564111208609018,-4.882680428955283,-7.955320253155696,NA,3,-4.047221609294577,-4.498940737782249,-4.498940737782249,-4.498940737782249
1,1,1,-1,1,11101,ASAEA,-5.0589857562944305,-4.9938152854676625,-6.125453904977646,-10.879773291763165,NA,4,-4.170831910510542,-4.7655628561952446,-5.05898575629443,-5.05898575629443
1,1,1,1,-1,11110,ASAYK,-8.826813731587725,-8.761643260760966,-8.908493211476326,-12.898415401819223,NA,4,-8.546619374968053,-6.435905963752121,-8.826813731587725,-8.826813731587725
1,1,1,1,1,11111,ASAYA,-9.568636235841012,-9.633806706667777,-10.151266687498687,-15.822868440426692,NA,5,-6.4261045318565095,-7.136761266242671,-11.65409130229762,-9.568636235841012
